id,github_link,type_first_letter,classification_upper_length_5,description_extra_first_letter,project_bolt_tray_capacity_oobb_2_5_width_2_length_18_mm_depth,type_no_space_length_5,size_upper,description_extra_length_4,description_main_no_space_length_4,price_1,bip_39_word_new_br_3,description_extra_no_space_length_3,color_name,distributors,classification_no_space_length_4,commonity_code,part_number_upper,description_extra_length_5,bip_39_word_no_space_3,classification_length_3,color_capital,type_no_space_length_1,classification_upper_length_3,description_extra_length_2,oomp_word_list,classification_no_space_upper_length_5,classification_upper_length_2,oomlout_bolt_md5_6_first_3,description_extra_upper_length_2,oomlout_bolt_md5_6_alpha_first_3_upper,size_no_space_upper_length_4,description_or_color,type_no_space_upper_length_5,type_no_space_length_2,price_100,project_bolt_tray_capacity_oobb_4_width_2_5_length_18_mm_depth_weight,description_extra_name,size_no_space_length_3,classification,bip_39_word_underscore_12,name_no_color,bip_39_word_new_line_2,project_bolt_tray_capacity_oobb_4_width_2_5_length_18_mm_depth,description_extra_no_space_length_2,description_main_name,color_upper_length_2,type_upper_length_4,bip_39_word_new_br_2,oomp_key,type_length_5,md5_5,part_number_distributor_accu,color_length_2,classification_upper_length_6,description_extra_no_space_upper_length_2,description_main_upper_length_5,oomlout_short_code,oomlout_bolt_md5_6_alpha_last_3,classification_no_space_length_1,part_number_first_letter,type_length_3,color_length_6,type_no_space_upper_length_4,md5_10_upper,description_main_no_space_length_3,description_main,size_only_numbers,description_main_upper_length_2,manufacturer_name,color_no_space_upper_length_5,color_no_space_upper_length_2,part_number,size_first_letter_upper,md5_6_upper,price_200,size_no_space_length_6,bip_39_word_underscore_2,description_main_first_letter_upper,description_extra_no_space_length_6,price_200_distributor_orbital_fasteners,color_length_4,name_no_size_short,markdown_short,description_extra_length_3,type_no_space_upper_length_6,description_extra_upper,classification_length_2,bip_39_word_no_space_12,oomlout_bolt_name,manufacturer_capital,classification_upper,description_extra_upper_length_5,bip_39_word_new_line_3,weight_10,price_1000_distributor_orbital_fasteners,size_length_4,color_no_space_upper_length_3,short_code_upper,size_no_space_length_2,id_no_type,classification_no_space_length_3,color_length_1,description_main_no_space_upper_length_1,size_no_space_upper_length_5,manufacturer,oomlout_bolt_color,distributor_current,size_no_space_upper_length_6,type_length_6,id_no_class,price_100_distributor_orbital_fasteners,classification_length_1,type_upper,size_upper_length_5,classification_name,color_no_space_upper_length_4,color,manufacturer_upper,part_number_capital,oomlout_bolt_type_diagram_diagram,bip_39_word_dash_12,type_no_space_upper_length_1,directory,webpage_distributor_orbital_fasteners,part_number_first_letter_upper,classification_upper_length_1,description_main_upper,name,description_main_no_space_upper_length_3,type_length_4,description_main_capital,bip_39_word_no_space_2,description_main_length_3,description_main_upper_length_3,size_upper_length_3,color_no_space_upper_length_1,classification_no_space_length_6,from_yaml,classification_no_space_upper_length_6,webpage_manufacturer_metalmate,size_first_letter,description_extra_upper_length_6,oomlout_bolt_type,webpage_distributor_accu,barcode_manufacturer_metalmate,description_only_numbers_short,classification_first_letter,oomlout_bolt_head_type,type_upper_length_1,markdown_full,color_upper_length_1,oomlout_bolt_md5_6_first_3_upper,md5_5_upper,oomlout_bolt_md5_6_alpha_last_3_upper,color_no_space_length_2,type_no_space_upper_length_2,color_upper_length_4,name_no_size,description_extra_no_space_length_4,bip_39_word_space_2,type_upper_length_3,id_no_size,color_no_space_length_5,name_no_type,short_code,color_no_space_length_1,color_no_space_length_6,oomlout_bolt_size,size_no_space_upper_length_3,type_capital,type_no_space_length_6,size_no_space_upper_length_1,color_no_space_upper_length_6,oomlout_short_code_upper,description_extra_no_space_upper_length_1,id_no_color,type_name,type_upper_length_2,oomlout_bolt_length_no_unit,manufacturer_first_letter_upper,classification_length_4,name_manufacturer_metalmate,part_number_name,size_no_space_upper_length_2,classification_no_space_upper_length_3,description_extra_no_space_upper_length_6,description_extra_no_space_upper_length_3,classification_upper_length_4,bip_39_word_space_3,size,description_main_no_space_length_5,description_only_numbers,size_only_numbers_no_zeros,price_10000_distributor_orbital_fasteners,description_or_color_upper,description_extra_upper_length_3,oomp_word_emoji_list,classification_no_space_upper_length_2,classification_no_space_upper_length_1,size_no_space_length_1,color_no_space_length_3,type_upper_length_6,classification_capital,oomlout_bolt_md5_6_last_3,price_1_distributor_accu,md5_6_alpha,color_upper_length_6,description_main_length_1,color_upper_length_5,size_length_3,name_no_class,type_length_1,description_extra_length_1,description_extra_first_letter_upper,type_length_2,description_main_no_space_length_1,color_upper_length_3,classification_first_letter_upper,classification_length_6,oomlout_bolt_head_type_diagram,bip_39_word_new_line_12,bip_39_word_dash_3,size_capital,price_100_distributor_accu,size_length_1,id,bip_39_word_dash_2,type_upper_length_5,price_10000,manufacturers,description_main_no_space_upper_length_6,box_of_box_size_manufacturer_metalmate,part_number_distributor_accu_search,description_main_upper_length_4,classification_no_space_length_5,description_extra_no_space_length_5,weight,description_main_length_6,type_first_letter_upper,box_size_manufacturer_metalmate,bip_39_word_underscore_3,size_name,price_1000,description_main_first_letter,oomp_word,oomp_word_emoji,oomlout_bolt_length,oomlout_bolt_md5_6_alpha_first_3,color_first_letter_upper,description_extra_no_space_upper_length_5,size_length_6,type,price_1_distributor_orbital_fasteners,type_no_space_upper_length_3,color_length_5,manufacturer_first_letter,classification_no_space_upper_length_4,classification_length_5,type_no_space_length_3,description_extra_capital,price_1000_distributor_accu,description_main_upper_length_6,size_upper_length_2,description_extra_upper_length_4,size_no_space_length_4,description_extra_upper_length_1,description_main_length_4,size_upper_length_6,price_200_distributor_accu,part_number_manufacturer_metalmate,description_main_no_space_length_6,description_main_upper_length_1,classification_no_space_length_2,md5_6_alpha_upper,oomlout_bolt_md5_6_last_3_upper,type_no_space_length_4,size_upper_length_1,description_main_no_space_upper_length_2,part_number_distributor_orbital_fasteners,color_first_letter,size_length_2,color_no_space_length_4,description_main_no_space_upper_length_5,size_no_space_length_5,kicad_reference,description_extra_length_6,size_length_5,description_extra_no_space_upper_length_4,price_10000_distributor_accu,description_extra,color_upper,color_length_3,bip_39_word_new_br_12,description_main_no_space_length_2,md5_10,description_extra_no_space_length_1,bip_39_word_space_12,md5_6,oomp_id,description_main_length_2,price_current,md5,size_upper_length_4,description_main_no_space_upper_length_4,filter,quantity_current,description_main_length_5
hardware_nut_m3,https://github.com/oomlout/oomlout_oomp_part_src/tree/main/parts/hardware_nut_m3,n,HARDW,,125,nut,M3,,,0.0038,nasty<br>dog<br>guess,,,[],hard,7318169290,,,nastydogguess,har,,n,HAR,,"['rose', 'snowman', 'cyclone']",HARDW,HA,,,,M3, ,NUT,nu,0.0038,79.66666667,,m3,hardware,nasty_dog_guess_horse_subject_typical_ordinary_name_pact_round_notable_alert,M3,"nasty
dog",250,,,,NUT,nasty<br>dog,oomp_hardware_nut_m3,nut,632d2,,,HARDWA,,,n3m,,h,,nut,,NUT,632D2F1CF5,,,3,,,,,,M,632D2F,0.0038,m3,nasty_dog,,,0.0038,,M3,[hardware_nut_m3](https://github.com/oomlout/oomlout_oomp_part_src/tree/main/parts/hardware_nut_m3/working)<br><br>,,NUT,,ha,nastydogguesshorsesubjecttypicalordinarynamepactroundnotablealert,,,HARDWARE,,"nasty
dog
guess",3.186666667,0.0038,m3,,NU3,m3,m3,har,,,M3,,,orbital_fasteners,M3,nut,nut_m3,0.0038,h,NUT,M3,Hardware,,,,,,nasty-dog-guess-horse-subject-typical-ordinary-name-pact-round-notable-alert,N,parts/hardware_nut_m3,https://www.orbitalfasteners.co.uk/products/m3-mild-steel-hexagon-full-nuts-bright-zinc-plated,,H,,Hardware Nut M3,,nut,,nastydog,,,M3,,hardwa,False,HARDWA,https://www.harclob2b.com/m3-din934-gr-8-din267-full-nut-zinc-plated-boxed-z0322m39,m,,,,5050420655088, ,h,,N,[hardware_nut_m3](https://github.com/oomlout/oomlout_oomp_part_src/tree/main/parts/hardware_nut_m3/working)<br>[nu3](https://github.com/oomlout/oomlout_oomp_part_src/tree/main/parts/hardware_nut_m3/working)<br>[Hardware Nut M3](https://github.com/oomlout/oomlout_oomp_part_src/tree/main/parts/hardware_nut_m3/working)<br><br>,,,632D2,,,NU,,M3,,nasty dog,NUT,m3,,M3,nu3,,,,M3,Nut,nut,M,,N3M,,m3,Nut,NU,,,hard,M3 DIN934 Gr.8 DIN267 Full Nut Zinc Plated Boxed,,M3,HAR,,,HARD,nasty dog guess,m3,,,3,0.0017, ,,"[':rose:', ':snowman:', ':cyclone:']",HA,H,m,,NUT,Hardware,,,3vb5b,,,,m3,Nut M3,n,,,nu,,,H,hardwa,,"nasty
dog
guess
horse
subject
typical
ordinary
name
pact
round
notable
alert",nasty-dog-guess,M3,,m,hardware_nut_m3,nasty-dog,NUT,0.0017,[],,64000,,,hardw,,0.318666667,,N,2000,nasty_dog_guess,M3,0.0038,,rose snowman cyclone,:rose: :snowman: :cyclone:,,,,,m3,nut,0.0038,NUT,,,HARD,hardw,nut,,,,M3,,m3,,,M3,,Z0322M39,,,ha,3VB5B,,nut,M,,1771000,,m3,,,m3,,,m3,,,,,,nasty<br>dog<br>guess<br>horse<br>subject<br>typical<br>ordinary<br>name<br>pact<br>round<br>notable<br>alert,,632d2f1cf5,,nasty dog guess horse subject typical ordinary name pact round notable alert,632d2f,hardware_nut_m3,,0.0038,632d2f1cf592d38bafebf6dcced02499,M3,,,1000,
hardware_screw_countersunk_m3_black_10_mm_length_hex_head,https://github.com/oomlout/oomlout_oomp_part_src/tree/main/parts/hardware_screw_countersunk_m3_black_10_mm_length_hex_head,s,HARDW,h,55,screw,M3,hex_,10mm,0.0294,wrong<br>dose<br>unfair,hex,Black,[],hard,7318156890,,hex_h,wrongdoseunfair,har,Black,s,HAR,he,"['horse', 'honeybee', 'camera']",HARDW,HA,3f4,HE,2GX,M3,B10,SCREW,sc,0.0294,57.64,Hex Head,m3,hardware,wrong_dose_unfair_auto_rapid_cactus_daughter_vast_culture_twist_poet_advance,10 mm Length Hex Head,"wrong
dose",110,he,10 mm Length,BL,SCRE,wrong<br>dose,oomp_hardware_screw_countersunk_m3_black_10_mm_length_hex_head,screw,3f4e7,SSK-M3-10-10.9,bl,HARDWA,HE,10_MM,cs3b10h,a2,h,,scr,black,SCRE,3F4E7AE1AC,10m,10_mm_length,3,10,,BLACK,BL,,M,3F4E7A,0.0163,m3,wrong_dose,1,hexhea,0.0163,blac,Black 10 Mm Length Hex Head,[hardware_screw_countersunk_m3_black_10_mm_length_hex_head](https://github.com/oomlout/oomlout_oomp_part_src/tree/main/parts/hardware_screw_countersunk_m3_black_10_mm_length_hex_head/working)<br><br>,hex,SCREWC,HEX_HEAD,ha,wrongdoseunfairautorapidcactusdaughtervastculturetwistpoetadvance,Countersunk M3X10 mm Black (Hex Head),,HARDWARE,HEX_H,"wrong
dose
unfair",5.24,0.0131,m3,BLA,CS3B10H,m3,m3_black_10_mm_length_hex_head,har,b,1,M3,,Black,orbital_fasteners,M3,screw_,screw_countersunk_m3_black_10_mm_length_hex_head,0.0294,h,SCREW_COUNTERSUNK,M3,Hardware,BLAC,black,,,type_diagram.png,wrong-dose-unfair-auto-rapid-cactus-daughter-vast-culture-twist-poet-advance,S,parts/hardware_screw_countersunk_m3_black_10_mm_length_hex_head,https://www.orbitalfasteners.co.uk/products/m3-x-10-socket-screw-countersunk-high-tensile-grade-10-9-self-colour-din-7991,,H,10_MM_LENGTH,Hardware Screw Countersunk M3 Black 10 mm Length Hex Head,10M,scre,10 mm Length,wrongdose,10_,10_,M3,B,hardwa,False,HARDWA,https://www.harclob2b.com/m3-x-10-socket-csk-screw-gr10-9-self-colour-din-79-1151m390010,m,HEX_HE,Countersunk,https://www.accu.co.uk/countersunk-socket-head-screws/472017-SSK-M3-10-10-9,5050420669054,10,h,Hex Head,S,[hardware_screw_countersunk_m3_black_10_mm_length_hex_head](https://github.com/oomlout/oomlout_oomp_part_src/tree/main/parts/hardware_screw_countersunk_m3_black_10_mm_length_hex_head/working)<br>[cs3b10h](https://github.com/oomlout/oomlout_oomp_part_src/tree/main/parts/hardware_screw_countersunk_m3_black_10_mm_length_hex_head/working)<br>[Hardware Screw Countersunk M3 Black 10 Mm Length Hex Head](https://github.com/oomlout/oomlout_oomp_part_src/tree/main/parts/hardware_screw_countersunk_m3_black_10_mm_length_hex_head/working)<br><br>,B,3F4,3F4E7,A2,bl,SC,BLAC,Black 10 mm Length Hex Head,hexh,wrong dose,SCR,black_10_mm_length_hex_head,black,M3 Black 10 mm Length Hex Head,cs3b10h,b,black,M3,M3,Screw Countersunk,screwc,M,BLACK,CS3B10H,H,10_mm_length_hex_head,Screw Countersunk,SC,10,,hard,M3 x 10 Socket Csk Screw Gr10.9 Self Colour DIN 7991 165,,M3,HAR,HEXHEA,HEX,HARD,wrong dose unfair,m3,10mml,10,3,0.0131,B10,HEX,"[':horse:', ':honeybee:', ':camera:']",HA,H,m,bla,SCREW_,Hardware,e7a,0.63,2gxa2,BLACK,1,BLACK,m3,Screw Countersunk M3 Black 10 mm Length Hex Head,s,h,H,sc,1,BLA,H,hardwa,head_type_diagram.png,"wrong
dose
unfair
auto
rapid
cactus
daughter
vast
culture
twist
poet
advance",wrong-dose-unfair,M3,0.03,m,hardware_screw_countersunk_m3_black_10_mm_length_hex_head,wrong-dose,SCREW,0.0131,[],10MMLE,4800,SSK-M3-10-10.9+-zinc,10_M,hardw,hexhe,0.524,10_mm_,S,200,wrong_dose_unfair,M3,0.0131,1,horse honeybee camera,:horse: :honeybee: :camera:,10 mm,2gx,B,HEXHE,m3,screw_countersunk,0.0294,SCR,black,,HARD,hardw,scr,Hex Head,0.03,10_MM_,M3,HEX_,m3,H,10_m,M3,0.03,1151M390010,10mmle,1,ha,2GXA2,E7A,scre,M,10,1901020,b,m3,blac,10MML,m3,,hex_he,m3,HEXH,0.02,hex_head,BLACK,bla,wrong<br>dose<br>unfair<br>auto<br>rapid<br>cactus<br>daughter<br>vast<br>culture<br>twist<br>poet<br>advance,10,3f4e7ae1ac,h,wrong dose unfair auto rapid cactus daughter vast culture twist poet advance,3f4e7a,hardware_screw_countersunk_m3_black_10_mm_length_hex_head,10,0.0163,3f4e7ae1acf1a6f88058f0f9da1067f5,M3,10MM,,200,10_mm
hardware_screw_countersunk_m3_black_12_mm_length_hex_head,https://github.com/oomlout/oomlout_oomp_part_src/tree/main/parts/hardware_screw_countersunk_m3_black_12_mm_length_hex_head,s,HARDW,h,45,screw,M3,hex_,12mm,0.0302,unique<br>dog<br>issue,hex,Black,[],hard,7318156890,,hex_h,uniquedogissue,har,Black,s,HAR,he,"['shirt', 'clubs', 'dancer']",HARDW,HA,ac9,HE,6QG,M3,B12,SCREW,sc,0.0302,54.72,Hex Head,m3,hardware,unique_dog_issue_artefact_shiver_alcohol_priority_west_evil_image_excuse_approve,12 mm Length Hex Head,"unique
dog",90,he,12 mm Length,BL,SCRE,unique<br>dog,oomp_hardware_screw_countersunk_m3_black_12_mm_length_hex_head,screw,ac9e1,SSK-M3-12-10.9,bl,HARDWA,HE,12_MM,cs3b12h,ws,h,,scr,black,SCRE,AC9E1C526F,12m,12_mm_length,3,12,,BLACK,BL,,M,AC9E1C,0.0168,m3,unique_dog,1,hexhea,0.0168,blac,Black 12 Mm Length Hex Head,[hardware_screw_countersunk_m3_black_12_mm_length_hex_head](https://github.com/oomlout/oomlout_oomp_part_src/tree/main/parts/hardware_screw_countersunk_m3_black_12_mm_length_hex_head/working)<br><br>,hex,SCREWC,HEX_HEAD,ha,uniquedogissueartefactshiveralcoholprioritywestevilimageexcuseapprove,Countersunk M3X12 mm Black (Hex Head),,HARDWARE,HEX_H,"unique
dog
issue",6.08,0.0134,m3,BLA,CS3B12H,m3,m3_black_12_mm_length_hex_head,har,b,1,M3,,Black,orbital_fasteners,M3,screw_,screw_countersunk_m3_black_12_mm_length_hex_head,0.0302,h,SCREW_COUNTERSUNK,M3,Hardware,BLAC,black,,,type_diagram.png,unique-dog-issue-artefact-shiver-alcohol-priority-west-evil-image-excuse-approve,S,parts/hardware_screw_countersunk_m3_black_12_mm_length_hex_head,https://www.orbitalfasteners.co.uk/products/m3-x-12-socket-screw-countersunk-high-tensile-grade-10-9-self-colour-din-7991,,H,12_MM_LENGTH,Hardware Screw Countersunk M3 Black 12 mm Length Hex Head,12M,scre,12 mm Length,uniquedog,12_,12_,M3,B,hardwa,False,HARDWA,https://www.harclob2b.com/m3-x-12-socket-csk-screw-gr10-9-self-colour-din-79-1151m390012,m,HEX_HE,Countersunk,https://www.accu.co.uk/countersunk-socket-head-screws/472018-SSK-M3-12-10-9,5050420669061,12,h,Hex Head,S,[hardware_screw_countersunk_m3_black_12_mm_length_hex_head](https://github.com/oomlout/oomlout_oomp_part_src/tree/main/parts/hardware_screw_countersunk_m3_black_12_mm_length_hex_head/working)<br>[cs3b12h](https://github.com/oomlout/oomlout_oomp_part_src/tree/main/parts/hardware_screw_countersunk_m3_black_12_mm_length_hex_head/working)<br>[Hardware Screw Countersunk M3 Black 12 Mm Length Hex Head](https://github.com/oomlout/oomlout_oomp_part_src/tree/main/parts/hardware_screw_countersunk_m3_black_12_mm_length_hex_head/working)<br><br>,B,AC9,AC9E1,WS,bl,SC,BLAC,Black 12 mm Length Hex Head,hexh,unique dog,SCR,black_12_mm_length_hex_head,black,M3 Black 12 mm Length Hex Head,cs3b12h,b,black,M3,M3,Screw Countersunk,screwc,M,BLACK,CS3B12H,H,12_mm_length_hex_head,Screw Countersunk,SC,12,,hard,M3 x 12 Socket Csk Screw Gr10.9 Self Colour DIN 7991 165,,M3,HAR,HEXHEA,HEX,HARD,unique dog issue,m3,12mml,12,3,0.0134,B12,HEX,"[':shirt:', ':clubs:', ':dancer:']",HA,H,m,bla,SCREW_,Hardware,e1c,0.65,6qgws,BLACK,1,BLACK,m3,Screw Countersunk M3 Black 12 mm Length Hex Head,s,h,H,sc,1,BLA,H,hardwa,head_type_diagram.png,"unique
dog
issue
artefact
shiver
alcohol
priority
west
evil
image
excuse
approve",unique-dog-issue,M3,0.04,m,hardware_screw_countersunk_m3_black_12_mm_length_hex_head,unique-dog,SCREW,0.0134,[],12MMLE,4800,SSK-M3-12-10.9+-zinc,12_M,hardw,hexhe,0.608,12_mm_,S,200,unique_dog_issue,M3,0.0134,1,shirt clubs dancer,:shirt: :clubs: :dancer:,12 mm,6qg,B,HEXHE,m3,screw_countersunk,0.0302,SCR,black,,HARD,hardw,scr,Hex Head,0.03,12_MM_,M3,HEX_,m3,H,12_m,M3,0.04,1151M390012,12mmle,1,ha,6QGWS,E1C,scre,M,12,1901030,b,m3,blac,12MML,m3,,hex_he,m3,HEXH,0.03,hex_head,BLACK,bla,unique<br>dog<br>issue<br>artefact<br>shiver<br>alcohol<br>priority<br>west<br>evil<br>image<br>excuse<br>approve,12,ac9e1c526f,h,unique dog issue artefact shiver alcohol priority west evil image excuse approve,ac9e1c,hardware_screw_countersunk_m3_black_12_mm_length_hex_head,12,0.0168,ac9e1c526ff9755c186310ceed50276c,M3,12MM,,200,12_mm
hardware_screw_countersunk_m3_black_16_mm_length_hex_head,https://github.com/oomlout/oomlout_oomp_part_src/tree/main/parts/hardware_screw_countersunk_m3_black_16_mm_length_hex_head,s,HARDW,h,35,screw,M3,hex_,16mm,0.0359,broken<br>fancy<br>swap,hex,Black,[],hard,,,hex_h,brokenfancyswap,har,Black,s,HAR,he,"['bug', 'droplet', 'tractor']",HARDW,HA,4d2,HE,30D,M3,B16,SCREW,sc,0.0359,53.76,Hex Head,m3,hardware,broken_fancy_swap_apology_pattern_mention_again_want_jeans_post_mystery_age,16 mm Length Hex Head,"broken
fancy",70,he,16 mm Length,BL,SCRE,broken<br>fancy,oomp_hardware_screw_countersunk_m3_black_16_mm_length_hex_head,screw,4d24e,SSK-M3-16-10.9,bl,HARDWA,HE,16_MM,cs3b16h,0q,h,,scr,black,SCRE,4D24EA2BBD,16m,16_mm_length,3,16,,BLACK,BL,,M,4D24EA,0.0199,m3,broken_fancy,1,hexhea,0.0199,blac,Black 16 Mm Length Hex Head,[hardware_screw_countersunk_m3_black_16_mm_length_hex_head](https://github.com/oomlout/oomlout_oomp_part_src/tree/main/parts/hardware_screw_countersunk_m3_black_16_mm_length_hex_head/working)<br><br>,hex,SCREWC,HEX_HEAD,ha,brokenfancyswapapologypatternmentionagainwantjeanspostmysteryage,Countersunk M3X16 mm Black (Hex Head),,HARDWARE,HEX_H,"broken
fancy
swap",7.68,0.016,m3,BLA,CS3B16H,m3,m3_black_16_mm_length_hex_head,har,b,1,M3,,Black,orbital_fasteners,M3,screw_,screw_countersunk_m3_black_16_mm_length_hex_head,0.0359,h,SCREW_COUNTERSUNK,M3,Hardware,BLAC,black,,,type_diagram.png,broken-fancy-swap-apology-pattern-mention-again-want-jeans-post-mystery-age,S,parts/hardware_screw_countersunk_m3_black_16_mm_length_hex_head,https://www.orbitalfasteners.co.uk/products/m3-x-16-socket-screw-countersunk-high-tensile-grade-10-9-self-colour-din-7991,,H,16_MM_LENGTH,Hardware Screw Countersunk M3 Black 16 mm Length Hex Head,16M,scre,16 mm Length,brokenfancy,16_,16_,M3,B,hardwa,False,HARDWA,,m,HEX_HE,Countersunk,https://www.accu.co.uk/countersunk-socket-head-screws/495048-SSK-M3-16-10-9,,16,h,Hex Head,S,[hardware_screw_countersunk_m3_black_16_mm_length_hex_head](https://github.com/oomlout/oomlout_oomp_part_src/tree/main/parts/hardware_screw_countersunk_m3_black_16_mm_length_hex_head/working)<br>[cs3b16h](https://github.com/oomlout/oomlout_oomp_part_src/tree/main/parts/hardware_screw_countersunk_m3_black_16_mm_length_hex_head/working)<br>[Hardware Screw Countersunk M3 Black 16 Mm Length Hex Head](https://github.com/oomlout/oomlout_oomp_part_src/tree/main/parts/hardware_screw_countersunk_m3_black_16_mm_length_hex_head/working)<br><br>,B,4D2,4D24E,0Q,bl,SC,BLAC,Black 16 mm Length Hex Head,hexh,broken fancy,SCR,black_16_mm_length_hex_head,black,M3 Black 16 mm Length Hex Head,cs3b16h,b,black,M3,M3,Screw Countersunk,screwc,M,BLACK,CS3B16H,H,16_mm_length_hex_head,Screw Countersunk,SC,16,,hard,,,M3,HAR,HEXHEA,HEX,HARD,broken fancy swap,m3,16mml,16,3,0.016,B16,HEX,"[':bug:', ':droplet:', ':tractor:']",HA,H,m,bla,SCREW_,Hardware,4ea,0.65,30d0q,BLACK,1,BLACK,m3,Screw Countersunk M3 Black 16 mm Length Hex Head,s,h,H,sc,1,BLA,H,hardwa,head_type_diagram.png,"broken
fancy
swap
apology
pattern
mention
again
want
jeans
post
mystery
age",broken-fancy-swap,M3,0.04,m,hardware_screw_countersunk_m3_black_16_mm_length_hex_head,broken-fancy,SCREW,0.016,[],16MMLE,,SSK-M3-16-10.9+-zinc,16_M,hardw,hexhe,0.768,16_mm_,S,,broken_fancy_swap,M3,0.016,1,bug droplet tractor,:bug: :droplet: :tractor:,16 mm,30d,B,HEXHE,m3,screw_countersunk,0.0359,SCR,black,,HARD,hardw,scr,Hex Head,0.03,16_MM_,M3,HEX_,m3,H,16_m,M3,0.04,1151M390016,16mmle,1,ha,30D0Q,4EA,scre,M,16,1901040,b,m3,blac,16MML,m3,,hex_he,m3,HEXH,0.03,hex_head,BLACK,bla,broken<br>fancy<br>swap<br>apology<br>pattern<br>mention<br>again<br>want<br>jeans<br>post<br>mystery<br>age,16,4d24ea2bbd,h,broken fancy swap apology pattern mention again want jeans post mystery age,4d24ea,hardware_screw_countersunk_m3_black_16_mm_length_hex_head,16,0.0199,4d24ea2bbdf6e0962c50a0a7b694b8e4,M3,16MM,,200,16_mm
hardware_screw_countersunk_m3_black_20_mm_length_hex_head,https://github.com/oomlout/oomlout_oomp_part_src/tree/main/parts/hardware_screw_countersunk_m3_black_20_mm_length_hex_head,s,HARDW,h,25,screw,M3,hex_,20mm,0.0415,job<br>clip<br>fiber,hex,Black,[],hard,7318156890,,hex_h,jobclipfiber,har,Black,s,HAR,he,"['rocket', 'parking', 'guitar']",HARDW,HA,e5f,HE,8Z2,M3,B20,SCREW,sc,0.0415,46.75,Hex Head,m3,hardware,job_clip_fiber_frog_access_entry_exotic_lonely_chalk_organ_yard_atom,20 mm Length Hex Head,"job
clip",50,he,20 mm Length,BL,SCRE,job<br>clip,oomp_hardware_screw_countersunk_m3_black_20_mm_length_hex_head,screw,e5fda,SSK-M3-20-10.9,bl,HARDWA,HE,20_MM,cs3b20h,5j,h,,scr,black,SCRE,E5FDA7192F,20m,20_mm_length,3,20,,BLACK,BL,,M,E5FDA7,0.023,m3,job_clip,2,hexhea,0.023,blac,Black 20 Mm Length Hex Head,[hardware_screw_countersunk_m3_black_20_mm_length_hex_head](https://github.com/oomlout/oomlout_oomp_part_src/tree/main/parts/hardware_screw_countersunk_m3_black_20_mm_length_hex_head/working)<br><br>,hex,SCREWC,HEX_HEAD,ha,jobclipfiberfrogaccessentryexoticlonelychalkorganyardatom,Countersunk M3X20 mm Black (Hex Head),,HARDWARE,HEX_H,"job
clip
fiber",9.35,0.0185,m3,BLA,CS3B20H,m3,m3_black_20_mm_length_hex_head,har,b,2,M3,,Black,orbital_fasteners,M3,screw_,screw_countersunk_m3_black_20_mm_length_hex_head,0.0415,h,SCREW_COUNTERSUNK,M3,Hardware,BLAC,black,,,type_diagram.png,job-clip-fiber-frog-access-entry-exotic-lonely-chalk-organ-yard-atom,S,parts/hardware_screw_countersunk_m3_black_20_mm_length_hex_head,https://www.orbitalfasteners.co.uk/products/m3-x-20-socket-screw-countersunk-high-tensile-grade-10-9-self-colour-din-7991,,H,20_MM_LENGTH,Hardware Screw Countersunk M3 Black 20 mm Length Hex Head,20M,scre,20 mm Length,jobclip,20_,20_,M3,B,hardwa,False,HARDWA,https://www.harclob2b.com/m3-x-20-socket-csk-screw-gr10-9-self-colour-din-79-1151m390020,m,HEX_HE,Countersunk,https://www.accu.co.uk/countersunk-socket-head-screws/472019-SSK-M3-20-10-9,5050420696821,20,h,Hex Head,S,[hardware_screw_countersunk_m3_black_20_mm_length_hex_head](https://github.com/oomlout/oomlout_oomp_part_src/tree/main/parts/hardware_screw_countersunk_m3_black_20_mm_length_hex_head/working)<br>[cs3b20h](https://github.com/oomlout/oomlout_oomp_part_src/tree/main/parts/hardware_screw_countersunk_m3_black_20_mm_length_hex_head/working)<br>[Hardware Screw Countersunk M3 Black 20 Mm Length Hex Head](https://github.com/oomlout/oomlout_oomp_part_src/tree/main/parts/hardware_screw_countersunk_m3_black_20_mm_length_hex_head/working)<br><br>,B,E5F,E5FDA,5J,bl,SC,BLAC,Black 20 mm Length Hex Head,hexh,job clip,SCR,black_20_mm_length_hex_head,black,M3 Black 20 mm Length Hex Head,cs3b20h,b,black,M3,M3,Screw Countersunk,screwc,M,BLACK,CS3B20H,H,20_mm_length_hex_head,Screw Countersunk,SC,20,,hard,M3 x 20 Socket Csk Screw Gr10.9 Self Colour DIN 7991 165,,M3,HAR,HEXHEA,HEX,HARD,job clip fiber,m3,20mml,20,3,0.0185,B20,HEX,"[':rocket:', ':parking:', ':guitar:']",HA,H,m,bla,SCREW_,Hardware,da7,0.65,8z25j,BLACK,2,BLACK,m3,Screw Countersunk M3 Black 20 mm Length Hex Head,s,h,H,sc,2,BLA,H,hardwa,head_type_diagram.png,"job
clip
fiber
frog
access
entry
exotic
lonely
chalk
organ
yard
atom",job-clip-fiber,M3,0.04,m,hardware_screw_countersunk_m3_black_20_mm_length_hex_head,job-clip,SCREW,0.0185,[],20MMLE,4800,SSK-M3-20-10.9+-zinc,20_M,hardw,hexhe,0.935,20_mm_,S,200,job_clip_fiber,M3,0.0185,2,rocket parking guitar,:rocket: :parking: :guitar:,20 mm,8z2,B,HEXHE,m3,screw_countersunk,0.0415,SCR,black,,HARD,hardw,scr,Hex Head,0.04,20_MM_,M3,HEX_,m3,H,20_m,M3,0.04,1151M390020,20mmle,2,ha,8Z25J,DA7,scre,M,20,1901050,b,m3,blac,20MML,m3,,hex_he,m3,HEXH,0.04,hex_head,BLACK,bla,job<br>clip<br>fiber<br>frog<br>access<br>entry<br>exotic<br>lonely<br>chalk<br>organ<br>yard<br>atom,20,e5fda7192f,h,job clip fiber frog access entry exotic lonely chalk organ yard atom,e5fda7,hardware_screw_countersunk_m3_black_20_mm_length_hex_head,20,0.023,e5fda7192f83aa012e80a5d2ab4ad3c0,M3,20MM,,200,20_mm
hardware_screw_countersunk_m3_black_25_mm_length_hex_head,https://github.com/oomlout/oomlout_oomp_part_src/tree/main/parts/hardware_screw_countersunk_m3_black_25_mm_length_hex_head,s,HARDW,h,20,screw,M3,hex_,25mm,0.0424,segment<br>spare<br>cause,hex,Black,[],hard,7318156890,,hex_h,segmentsparecause,har,Black,s,HAR,he,"['pushpin', 'crown', 'ambulance']",HARDW,HA,91b,HE,5ON,M3,B25,SCREW,sc,0.0424,46.76,Hex Head,m3,hardware,segment_spare_cause_hungry_gorilla_nerve_gym_session_friend_ribbon_such_animal,25 mm Length Hex Head,"segment
spare",40,he,25 mm Length,BL,SCRE,segment<br>spare,oomp_hardware_screw_countersunk_m3_black_25_mm_length_hex_head,screw,91b0e,SSK-M3-25-10.9,bl,HARDWA,HE,25_MM,cs3b25h,am,h,,scr,black,SCRE,91B0EE42E7,25m,25_mm_length,3,25,,BLACK,BL,,M,91B0EE,0.0235,m3,segment_spare,2,hexhea,0.0235,blac,Black 25 Mm Length Hex Head,[hardware_screw_countersunk_m3_black_25_mm_length_hex_head](https://github.com/oomlout/oomlout_oomp_part_src/tree/main/parts/hardware_screw_countersunk_m3_black_25_mm_length_hex_head/working)<br><br>,hex,SCREWC,HEX_HEAD,ha,segmentsparecausehungrygorillanervegymsessionfriendribbonsuchanimal,Countersunk M3X25 mm Black (Hex Head),,HARDWARE,HEX_H,"segment
spare
cause",11.69,0.0188,m3,BLA,CS3B25H,m3,m3_black_25_mm_length_hex_head,har,b,2,M3,,Black,orbital_fasteners,M3,screw_,screw_countersunk_m3_black_25_mm_length_hex_head,0.0424,h,SCREW_COUNTERSUNK,M3,Hardware,BLAC,black,,,type_diagram.png,segment-spare-cause-hungry-gorilla-nerve-gym-session-friend-ribbon-such-animal,S,parts/hardware_screw_countersunk_m3_black_25_mm_length_hex_head,https://www.orbitalfasteners.co.uk/products/m3-x-25-socket-screw-countersunk-high-tensile-grade-10-9-self-colour-din-7991,,H,25_MM_LENGTH,Hardware Screw Countersunk M3 Black 25 mm Length Hex Head,25M,scre,25 mm Length,segmentspare,25_,25_,M3,B,hardwa,False,HARDWA,https://www.harclob2b.com/m3-x-25-socket-csk-screw-gr10-9-self-colour-din-79-1151m390025,m,HEX_HE,Countersunk,https://www.accu.co.uk/countersunk-socket-head-screws/472020-SSK-M3-25-10-9,5050420669078,25,h,Hex Head,S,[hardware_screw_countersunk_m3_black_25_mm_length_hex_head](https://github.com/oomlout/oomlout_oomp_part_src/tree/main/parts/hardware_screw_countersunk_m3_black_25_mm_length_hex_head/working)<br>[cs3b25h](https://github.com/oomlout/oomlout_oomp_part_src/tree/main/parts/hardware_screw_countersunk_m3_black_25_mm_length_hex_head/working)<br>[Hardware Screw Countersunk M3 Black 25 Mm Length Hex Head](https://github.com/oomlout/oomlout_oomp_part_src/tree/main/parts/hardware_screw_countersunk_m3_black_25_mm_length_hex_head/working)<br><br>,B,91B,91B0E,AM,bl,SC,BLAC,Black 25 mm Length Hex Head,hexh,segment spare,SCR,black_25_mm_length_hex_head,black,M3 Black 25 mm Length Hex Head,cs3b25h,b,black,M3,M3,Screw Countersunk,screwc,M,BLACK,CS3B25H,H,25_mm_length_hex_head,Screw Countersunk,SC,25,,hard,M3 x 25 Socket Csk Screw Gr10.9 Self Colour DIN 7991 165,,M3,HAR,HEXHEA,HEX,HARD,segment spare cause,m3,25mml,25,3,0.0188,B25,HEX,"[':pushpin:', ':crown:', ':ambulance:']",HA,H,m,bla,SCREW_,Hardware,0ee,0.71,5onam,BLACK,2,BLACK,m3,Screw Countersunk M3 Black 25 mm Length Hex Head,s,h,H,sc,2,BLA,H,hardwa,head_type_diagram.png,"segment
spare
cause
hungry
gorilla
nerve
gym
session
friend
ribbon
such
animal",segment-spare-cause,M3,0.09,m,hardware_screw_countersunk_m3_black_25_mm_length_hex_head,segment-spare,SCREW,0.0188,[],25MMLE,4800,SSK-M3-25-10.9+-zinc,25_M,hardw,hexhe,1.169,25_mm_,S,200,segment_spare_cause,M3,0.0188,2,pushpin crown ambulance,:pushpin: :crown: :ambulance:,25 mm,5on,B,HEXHE,m3,screw_countersunk,0.0424,SCR,black,,HARD,hardw,scr,Hex Head,0.07,25_MM_,M3,HEX_,m3,H,25_m,M3,0.09,1151M390025,25mmle,2,ha,5ONAM,0EE,scre,M,25,1901051,b,m3,blac,25MML,m3,,hex_he,m3,HEXH,0.07,hex_head,BLACK,bla,segment<br>spare<br>cause<br>hungry<br>gorilla<br>nerve<br>gym<br>session<br>friend<br>ribbon<br>such<br>animal,25,91b0ee42e7,h,segment spare cause hungry gorilla nerve gym session friend ribbon such animal,91b0ee,hardware_screw_countersunk_m3_black_25_mm_length_hex_head,25,0.0235,91b0ee42e7c44d0251b256f449341e19,M3,25MM,,200,25_mm
hardware_screw_countersunk_m3_black_6_mm_length_hex_head,https://github.com/oomlout/oomlout_oomp_part_src/tree/main/parts/hardware_screw_countersunk_m3_black_6_mm_length_hex_head,s,HARDW,h,75,screw,M3,hex_,6mml,0.0281,soccer<br>team<br>pretty,hex,Black,[],hard,7318156890,,hex_h,soccerteampretty,har,Black,s,HAR,he,"['candy', 'ramen', 'pill']",HARDW,HA,c5b,HE,7PR,M3,B6,SCREW,sc,0.0281,53.7,Hex Head,m3,hardware,soccer_team_pretty_trouble_embody_swamp_immune_silent_satisfy_coyote_tent_arrange,6 mm Length Hex Head,"soccer
team",150,he,6 mm Length,BL,SCRE,soccer<br>team,oomp_hardware_screw_countersunk_m3_black_6_mm_length_hex_head,screw,c5be8,SSK-M3-6-10.9,bl,HARDWA,HE,6_MM_,cs3b6h,ik,h,,scr,black,SCRE,C5BE8C6DFA,6mm,6_mm_length,3,6_,,BLACK,BL,,M,C5BE8C,0.0156,m3,soccer_team,6,hexhea,0.0156,blac,Black 6 Mm Length Hex Head,[hardware_screw_countersunk_m3_black_6_mm_length_hex_head](https://github.com/oomlout/oomlout_oomp_part_src/tree/main/parts/hardware_screw_countersunk_m3_black_6_mm_length_hex_head/working)<br><br>,hex,SCREWC,HEX_HEAD,ha,soccerteamprettytroubleembodyswampimmunesilentsatisfycoyotetentarrange,Countersunk M3X6 mm Black (Hex Head),,HARDWARE,HEX_H,"soccer
team
pretty",3.58,0.0125,m3,BLA,CS3B6H,m3,m3_black_6_mm_length_hex_head,har,b,6,M3,,Black,orbital_fasteners,M3,screw_,screw_countersunk_m3_black_6_mm_length_hex_head,0.0281,h,SCREW_COUNTERSUNK,M3,Hardware,BLAC,black,,,type_diagram.png,soccer-team-pretty-trouble-embody-swamp-immune-silent-satisfy-coyote-tent-arrange,S,parts/hardware_screw_countersunk_m3_black_6_mm_length_hex_head,https://www.orbitalfasteners.co.uk/products/m3-x-6-socket-screw-countersunk-high-tensile-grade-10-9-self-colour-din-7991,,H,6_MM_LENGTH,Hardware Screw Countersunk M3 Black 6 mm Length Hex Head,6MM,scre,6 mm Length,soccerteam,6_m,6_M,M3,B,hardwa,False,HARDWA,https://www.harclob2b.com/m3-x-6-socket-csk-screw-gr10-9-self-colour-din-799-1151m390006,m,HEX_HE,Countersunk,https://www.accu.co.uk/countersunk-socket-head-screws/495076-SSK-M3-6-10-9,5050420669030,6,h,Hex Head,S,[hardware_screw_countersunk_m3_black_6_mm_length_hex_head](https://github.com/oomlout/oomlout_oomp_part_src/tree/main/parts/hardware_screw_countersunk_m3_black_6_mm_length_hex_head/working)<br>[cs3b6h](https://github.com/oomlout/oomlout_oomp_part_src/tree/main/parts/hardware_screw_countersunk_m3_black_6_mm_length_hex_head/working)<br>[Hardware Screw Countersunk M3 Black 6 Mm Length Hex Head](https://github.com/oomlout/oomlout_oomp_part_src/tree/main/parts/hardware_screw_countersunk_m3_black_6_mm_length_hex_head/working)<br><br>,B,C5B,C5BE8,IK,bl,SC,BLAC,Black 6 mm Length Hex Head,hexh,soccer team,SCR,black_6_mm_length_hex_head,black,M3 Black 6 mm Length Hex Head,cs3b6h,b,black,M3,M3,Screw Countersunk,screwc,M,BLACK,CS3B6H,H,6_mm_length_hex_head,Screw Countersunk,SC,6,,hard,M3 x 6 Socket Csk Screw Gr10.9 Self Colour DIN 7991 165,,M3,HAR,HEXHEA,HEX,HARD,soccer team pretty,m3,6mmle,6,3,0.0125,B6,HEX,"[':candy:', ':ramen:', ':pill:']",HA,H,m,bla,SCREW_,Hardware,e8c,0.65,7prik,BLACK,6,BLACK,m3,Screw Countersunk M3 Black 6 mm Length Hex Head,s,h,H,sc,6,BLA,H,hardwa,head_type_diagram.png,"soccer
team
pretty
trouble
embody
swamp
immune
silent
satisfy
coyote
tent
arrange",soccer-team-pretty,M3,0.04,m,hardware_screw_countersunk_m3_black_6_mm_length_hex_head,soccer-team,SCREW,0.0125,[],6MMLEN,4800,SSK-M3-6-10.9+-zinc,6_MM,hardw,hexhe,0.358,6_mm_l,S,200,soccer_team_pretty,M3,0.0125,6,candy ramen pill,:candy: :ramen: :pill:,6 mm,7pr,B,HEXHE,m3,screw_countersunk,0.0281,SCR,black,,HARD,hardw,scr,Hex Head,0.04,6_MM_L,M3,HEX_,m3,H,6_mm,M3,0.04,1151M390006,6mmlen,6,ha,7PRIK,E8C,scre,M,6M,1901000,b,m3,blac,6MMLE,m3,,hex_he,m3,HEXH,0.04,hex_head,BLACK,bla,soccer<br>team<br>pretty<br>trouble<br>embody<br>swamp<br>immune<br>silent<br>satisfy<br>coyote<br>tent<br>arrange,6m,c5be8c6dfa,h,soccer team pretty trouble embody swamp immune silent satisfy coyote tent arrange,c5be8c,hardware_screw_countersunk_m3_black_6_mm_length_hex_head,6_,0.0156,c5be8c6dfac86e376ca43e915477ae6e,M3,6MML,,200,6_mm_
hardware_screw_countersunk_m3_black_8_mm_length_hex_head,https://github.com/oomlout/oomlout_oomp_part_src/tree/main/parts/hardware_screw_countersunk_m3_black_8_mm_length_hex_head,s,HARDW,h,60,screw,M3,hex_,8mml,0.0286,pyramid<br>choose<br>camp,hex,Black,[],hard,7318156890,,hex_h,pyramidchoosecamp,har,Black,s,HAR,he,"['hearts', 'watermelon', 'muscle']",HARDW,HA,9dc,HE,65N,M3,B8,SCREW,sc,0.0286,53.4,Hex Head,m3,hardware,pyramid_choose_camp_card_adult_transfer_hover_rural_ability_hire_toward_antenna,8 mm Length Hex Head,"pyramid
choose",120,he,8 mm Length,BL,SCRE,pyramid<br>choose,oomp_hardware_screw_countersunk_m3_black_8_mm_length_hex_head,screw,9dcc1,SSK-M3-8-10.9,bl,HARDWA,HE,8_MM_,cs3b8h,h7,h,,scr,black,SCRE,9DCC1B0001,8mm,8_mm_length,3,8_,,BLACK,BL,,M,9DCC1B,0.0158,m3,pyramid_choose,8,hexhea,0.0158,blac,Black 8 Mm Length Hex Head,[hardware_screw_countersunk_m3_black_8_mm_length_hex_head](https://github.com/oomlout/oomlout_oomp_part_src/tree/main/parts/hardware_screw_countersunk_m3_black_8_mm_length_hex_head/working)<br><br>,hex,SCREWC,HEX_HEAD,ha,pyramidchoosecampcardadulttransferhoverruralabilityhiretowardantenna,Countersunk M3X8 mm Black (Hex Head),,HARDWARE,HEX_H,"pyramid
choose
camp",4.45,0.0127,m3,BLA,CS3B8H,m3,m3_black_8_mm_length_hex_head,har,b,8,M3,,Black,orbital_fasteners,M3,screw_,screw_countersunk_m3_black_8_mm_length_hex_head,0.0286,h,SCREW_COUNTERSUNK,M3,Hardware,BLAC,black,,,type_diagram.png,pyramid-choose-camp-card-adult-transfer-hover-rural-ability-hire-toward-antenna,S,parts/hardware_screw_countersunk_m3_black_8_mm_length_hex_head,https://www.orbitalfasteners.co.uk/products/m3-x-8-socket-screw-countersunk-high-tensile-grade-10-9-self-colour-din-7991,,H,8_MM_LENGTH,Hardware Screw Countersunk M3 Black 8 mm Length Hex Head,8MM,scre,8 mm Length,pyramidchoose,8_m,8_M,M3,B,hardwa,False,HARDWA,https://www.harclob2b.com/m3-x-8-socket-csk-screw-gr10-9-self-colour-din-799-1151m390008,m,HEX_HE,Countersunk,,5050420669047,8,h,Hex Head,S,[hardware_screw_countersunk_m3_black_8_mm_length_hex_head](https://github.com/oomlout/oomlout_oomp_part_src/tree/main/parts/hardware_screw_countersunk_m3_black_8_mm_length_hex_head/working)<br>[cs3b8h](https://github.com/oomlout/oomlout_oomp_part_src/tree/main/parts/hardware_screw_countersunk_m3_black_8_mm_length_hex_head/working)<br>[Hardware Screw Countersunk M3 Black 8 Mm Length Hex Head](https://github.com/oomlout/oomlout_oomp_part_src/tree/main/parts/hardware_screw_countersunk_m3_black_8_mm_length_hex_head/working)<br><br>,B,9DC,9DCC1,H7,bl,SC,BLAC,Black 8 mm Length Hex Head,hexh,pyramid choose,SCR,black_8_mm_length_hex_head,black,M3 Black 8 mm Length Hex Head,cs3b8h,b,black,M3,M3,Screw Countersunk,screwc,M,BLACK,CS3B8H,H,8_mm_length_hex_head,Screw Countersunk,SC,8,,hard,M3 x 8 Socket Csk Screw Gr10.9 Self Colour DIN 7991 165,,M3,HAR,HEXHEA,HEX,HARD,pyramid choose camp,m3,8mmle,8,3,0.0127,B8,HEX,"[':hearts:', ':watermelon:', ':muscle:']",HA,H,m,bla,SCREW_,Hardware,c1b,,65nh7,BLACK,8,BLACK,m3,Screw Countersunk M3 Black 8 mm Length Hex Head,s,h,H,sc,8,BLA,H,hardwa,head_type_diagram.png,"pyramid
choose
camp
card
adult
transfer
hover
rural
ability
hire
toward
antenna",pyramid-choose-camp,M3,,m,hardware_screw_countersunk_m3_black_8_mm_length_hex_head,pyramid-choose,SCREW,0.0127,[],8MMLEN,4800,SSK-M3-8-10.9+-zinc,8_MM,hardw,hexhe,0.445,8_mm_l,S,200,pyramid_choose_camp,M3,0.0127,8,hearts watermelon muscle,:hearts: :watermelon: :muscle:,8 mm,65n,B,HEXHE,m3,screw_countersunk,0.0286,SCR,black,,HARD,hardw,scr,Hex Head,,8_MM_L,M3,HEX_,m3,H,8_mm,M3,,1151M390008,8mmlen,8,ha,65NH7,C1B,scre,M,8M,1901010,b,m3,blac,8MMLE,m3,,hex_he,m3,HEXH,,hex_head,BLACK,bla,pyramid<br>choose<br>camp<br>card<br>adult<br>transfer<br>hover<br>rural<br>ability<br>hire<br>toward<br>antenna,8m,9dcc1b0001,h,pyramid choose camp card adult transfer hover rural ability hire toward antenna,9dcc1b,hardware_screw_countersunk_m3_black_8_mm_length_hex_head,8_,0.0158,9dcc1b0001bd8dcf9c81e228418a1578,M3,8MML,,200,8_mm_
hardware_screw_socket_cap_m3_black_10_mm_length_hex_head,https://github.com/oomlout/oomlout_oomp_part_src/tree/main/parts/hardware_screw_socket_cap_m3_black_10_mm_length_hex_head,s,HARDW,h,,screw,M3,hex_,10mm,0.0337,question<br>silk<br>true,hex,Black,[],hard,7318156890,,hex_h,questionsilktrue,har,Black,s,HAR,he,"['poodle', 'cake', 'tophat']",HARDW,HA,60c,HE,3RX,M3,B10,SCREW,sc,0.0337,,Hex Head,m3,hardware,question_silk_true_situate_raw_barrel_suspect_raw_position_round_gift_alcohol,10 mm Length Hex Head,"question
silk",,he,10 mm Length,BL,SCRE,question<br>silk,oomp_hardware_screw_socket_cap_m3_black_10_mm_length_hex_head,screw,60c3a,SSCF-M3-10-12.9,bl,HARDWA,HE,10_MM,sc3b10h,67,h,,scr,black,SCRE,60C3AF1D43,10m,10_mm_length,3,10,,BLACK,BL,,M,60C3AF,0.0187,m3,question_silk,1,hexhea,0.0187,blac,Black 10 Mm Length Hex Head,[hardware_screw_socket_cap_m3_black_10_mm_length_hex_head](https://github.com/oomlout/oomlout_oomp_part_src/tree/main/parts/hardware_screw_socket_cap_m3_black_10_mm_length_hex_head/working)<br><br>,hex,SCREWS,HEX_HEAD,ha,questionsilktruesituaterawbarrelsuspectrawpositionroundgiftalcohol,Socket Cap M3X10 mm Black (Hex Head),,HARDWARE,HEX_H,"question
silk
true",,0.015,m3,BLA,SC3B10H,m3,m3_black_10_mm_length_hex_head,har,b,1,M3,,Black,orbital_fasteners,M3,screw_,screw_socket_cap_m3_black_10_mm_length_hex_head,0.0337,h,SCREW_SOCKET_CAP,M3,Hardware,BLAC,black,,,type_diagram.png,question-silk-true-situate-raw-barrel-suspect-raw-position-round-gift-alcohol,S,parts/hardware_screw_socket_cap_m3_black_10_mm_length_hex_head,https://www.orbitalfasteners.co.uk/products/m3-x-10-socket-cap-screw-high-tensile-grade-12-9-self-colour,,H,10_MM_LENGTH,Hardware Screw Socket Cap M3 Black 10 mm Length Hex Head,10M,scre,10 mm Length,questionsilk,10_,10_,M3,B,hardwa,False,HARDWA,https://www.harclob2b.com/m3-x-10-socket-cap-screw-gr12-9-self-colour-din-91-1150m390010,m,HEX_HE,Socket Cap,https://www.accu.co.uk/metric-cap-head-screws/16004-SSCF-M3-10-12-9,5050420695930,10,h,Hex Head,S,[hardware_screw_socket_cap_m3_black_10_mm_length_hex_head](https://github.com/oomlout/oomlout_oomp_part_src/tree/main/parts/hardware_screw_socket_cap_m3_black_10_mm_length_hex_head/working)<br>[sc3b10h](https://github.com/oomlout/oomlout_oomp_part_src/tree/main/parts/hardware_screw_socket_cap_m3_black_10_mm_length_hex_head/working)<br>[Hardware Screw Socket Cap M3 Black 10 Mm Length Hex Head](https://github.com/oomlout/oomlout_oomp_part_src/tree/main/parts/hardware_screw_socket_cap_m3_black_10_mm_length_hex_head/working)<br><br>,B,60C,60C3A,67,bl,SC,BLAC,Black 10 mm Length Hex Head,hexh,question silk,SCR,black_10_mm_length_hex_head,black,M3 Black 10 mm Length Hex Head,sc3b10h,b,black,M3,M3,Screw Socket Cap,screws,M,BLACK,SC3B10H,H,10_mm_length_hex_head,Screw Socket Cap,SC,10,,hard,M3 x 10 Socket Cap Screw Gr12.9 Self Colour DIN 912 150,,M3,HAR,HEXHEA,HEX,HARD,question silk true,m3,10mml,10,3,0.015,B10,HEX,"[':poodle:', ':cake:', ':tophat:']",HA,H,m,bla,SCREW_,Hardware,3af,0.62,3rx67,BLACK,1,BLACK,m3,Screw Socket Cap M3 Black 10 mm Length Hex Head,s,h,H,sc,1,BLA,H,hardwa,head_type_diagram.png,"question
silk
true
situate
raw
barrel
suspect
raw
position
round
gift
alcohol",question-silk-true,M3,0.02,m,hardware_screw_socket_cap_m3_black_10_mm_length_hex_head,question-silk,SCREW,0.015,[],10MMLE,4800,SSCF-M3-10-12.9+-zinc,10_M,hardw,hexhe,,10_mm_,S,200,question_silk_true,M3,0.015,1,poodle cake tophat,:poodle: :cake: :tophat:,10 mm,3rx,B,HEXHE,m3,screw_socket_cap,0.0337,SCR,black,,HARD,hardw,scr,Hex Head,0.01,10_MM_,M3,HEX_,m3,H,10_m,M3,0.02,1150M390010,10mmle,1,ha,3RX67,3AF,scre,M,10,1891020,b,m3,blac,10MML,m3,,hex_he,m3,HEXH,0.01,hex_head,BLACK,bla,question<br>silk<br>true<br>situate<br>raw<br>barrel<br>suspect<br>raw<br>position<br>round<br>gift<br>alcohol,10,60c3af1d43,h,question silk true situate raw barrel suspect raw position round gift alcohol,60c3af,hardware_screw_socket_cap_m3_black_10_mm_length_hex_head,10,0.0187,60c3af1d43b29b584b594c9bd2b2257c,M3,10MM,,200,10_mm
hardware_screw_socket_cap_m3_black_12_mm_length_hex_head,https://github.com/oomlout/oomlout_oomp_part_src/tree/main/parts/hardware_screw_socket_cap_m3_black_12_mm_length_hex_head,s,HARDW,h,,screw,M3,hex_,12mm,0.0354,inch<br>cereal<br>bunker,hex,Black,[],hard,7318156890,,hex_h,inchcerealbunker,har,Black,s,HAR,he,"['cake', 'guitar', 'bath']",HARDW,HA,c3a,HE,7MT,M3,B12,SCREW,sc,0.0354,,Hex Head,m3,hardware,inch_cereal_bunker_history_gap_cereal_width_police_hero_bounce_stable_around,12 mm Length Hex Head,"inch
cereal",,he,12 mm Length,BL,SCRE,inch<br>cereal,oomp_hardware_screw_socket_cap_m3_black_12_mm_length_hex_head,screw,c3a78,SSCF-M3-12-12.9,bl,HARDWA,HE,12_MM,sc3b12h,ty,h,,scr,black,SCRE,C3A7869B5A,12m,12_mm_length,3,12,,BLACK,BL,,M,C3A786,0.0197,m3,inch_cereal,1,hexhea,0.0197,blac,Black 12 Mm Length Hex Head,[hardware_screw_socket_cap_m3_black_12_mm_length_hex_head](https://github.com/oomlout/oomlout_oomp_part_src/tree/main/parts/hardware_screw_socket_cap_m3_black_12_mm_length_hex_head/working)<br><br>,hex,SCREWS,HEX_HEAD,ha,inchcerealbunkerhistorygapcerealwidthpoliceherobouncestablearound,Socket Cap M3X12 mm Black (Hex Head),,HARDWARE,HEX_H,"inch
cereal
bunker",,0.0157,m3,BLA,SC3B12H,m3,m3_black_12_mm_length_hex_head,har,b,1,M3,,Black,orbital_fasteners,M3,screw_,screw_socket_cap_m3_black_12_mm_length_hex_head,0.0354,h,SCREW_SOCKET_CAP,M3,Hardware,BLAC,black,,,type_diagram.png,inch-cereal-bunker-history-gap-cereal-width-police-hero-bounce-stable-around,S,parts/hardware_screw_socket_cap_m3_black_12_mm_length_hex_head,https://www.orbitalfasteners.co.uk/products/m3-x-12-socket-cap-screw-high-tensile-grade-12-9-self-colour,,H,12_MM_LENGTH,Hardware Screw Socket Cap M3 Black 12 mm Length Hex Head,12M,scre,12 mm Length,inchcereal,12_,12_,M3,B,hardwa,False,HARDWA,https://www.harclob2b.com/m3-x-12-socket-cap-screw-gr12-9-self-colour-din-91-1150m390012,m,HEX_HE,Socket Cap,https://www.accu.co.uk/metric-cap-head-screws/16005-SSCF-M3-12-12-9,5050420695947,12,h,Hex Head,S,[hardware_screw_socket_cap_m3_black_12_mm_length_hex_head](https://github.com/oomlout/oomlout_oomp_part_src/tree/main/parts/hardware_screw_socket_cap_m3_black_12_mm_length_hex_head/working)<br>[sc3b12h](https://github.com/oomlout/oomlout_oomp_part_src/tree/main/parts/hardware_screw_socket_cap_m3_black_12_mm_length_hex_head/working)<br>[Hardware Screw Socket Cap M3 Black 12 Mm Length Hex Head](https://github.com/oomlout/oomlout_oomp_part_src/tree/main/parts/hardware_screw_socket_cap_m3_black_12_mm_length_hex_head/working)<br><br>,B,C3A,C3A78,TY,bl,SC,BLAC,Black 12 mm Length Hex Head,hexh,inch cereal,SCR,black_12_mm_length_hex_head,black,M3 Black 12 mm Length Hex Head,sc3b12h,b,black,M3,M3,Screw Socket Cap,screws,M,BLACK,SC3B12H,H,12_mm_length_hex_head,Screw Socket Cap,SC,12,,hard,M3 x 12 Socket Cap Screw Gr12.9 Self Colour DIN 912 150,,M3,HAR,HEXHEA,HEX,HARD,inch cereal bunker,m3,12mml,12,3,0.0157,B12,HEX,"[':cake:', ':guitar:', ':bath:']",HA,H,m,bla,SCREW_,Hardware,786,0.63,7mtty,BLACK,1,BLACK,m3,Screw Socket Cap M3 Black 12 mm Length Hex Head,s,h,H,sc,1,BLA,H,hardwa,head_type_diagram.png,"inch
cereal
bunker
history
gap
cereal
width
police
hero
bounce
stable
around",inch-cereal-bunker,M3,0.03,m,hardware_screw_socket_cap_m3_black_12_mm_length_hex_head,inch-cereal,SCREW,0.0157,[],12MMLE,4800,SSCF-M3-12-12.9+-zinc,12_M,hardw,hexhe,,12_mm_,S,200,inch_cereal_bunker,M3,0.0157,1,cake guitar bath,:cake: :guitar: :bath:,12 mm,7mt,B,HEXHE,m3,screw_socket_cap,0.0354,SCR,black,,HARD,hardw,scr,Hex Head,0.02,12_MM_,M3,HEX_,m3,H,12_m,M3,0.03,1150M390012,12mmle,1,ha,7MTTY,786,scre,M,12,1891030,b,m3,blac,12MML,m3,,hex_he,m3,HEXH,0.02,hex_head,BLACK,bla,inch<br>cereal<br>bunker<br>history<br>gap<br>cereal<br>width<br>police<br>hero<br>bounce<br>stable<br>around,12,c3a7869b5a,h,inch cereal bunker history gap cereal width police hero bounce stable around,c3a786,hardware_screw_socket_cap_m3_black_12_mm_length_hex_head,12,0.0197,c3a7869b5aa7bf58962fa6c23cc96392,M3,12MM,,200,12_mm
hardware_screw_socket_cap_m3_black_16_mm_length_hex_head,https://github.com/oomlout/oomlout_oomp_part_src/tree/main/parts/hardware_screw_socket_cap_m3_black_16_mm_length_hex_head,s,HARDW,h,,screw,M3,hex_,16mm,0.0376,humor<br>kind<br>long,hex,Black,[],hard,7318156890,,hex_h,humorkindlong,har,Black,s,HAR,he,"['squirrel', 'six', 'fireworks']",HARDW,HA,70f,HE,4EO,M3,B16,SCREW,sc,0.0376,,Hex Head,m3,hardware,humor_kind_long_picnic_same_tiger_bargain_tortoise_relax_spatial_knife_alpha,16 mm Length Hex Head,"humor
kind",,he,16 mm Length,BL,SCRE,humor<br>kind,oomp_hardware_screw_socket_cap_m3_black_16_mm_length_hex_head,screw,70f77,SSCF-M3-16-12.9,bl,HARDWA,HE,16_MM,sc3b16h,hg,h,,scr,black,SCRE,70F77425A8,16m,16_mm_length,3,16,,BLACK,BL,,M,70F774,0.0209,m3,humor_kind,1,hexhea,0.0209,blac,Black 16 Mm Length Hex Head,[hardware_screw_socket_cap_m3_black_16_mm_length_hex_head](https://github.com/oomlout/oomlout_oomp_part_src/tree/main/parts/hardware_screw_socket_cap_m3_black_16_mm_length_hex_head/working)<br><br>,hex,SCREWS,HEX_HEAD,ha,humorkindlongpicnicsametigerbargaintortoiserelaxspatialknifealpha,Socket Cap M3X16 mm Black (Hex Head),,HARDWARE,HEX_H,"humor
kind
long",,0.0167,m3,BLA,SC3B16H,m3,m3_black_16_mm_length_hex_head,har,b,1,M3,,Black,orbital_fasteners,M3,screw_,screw_socket_cap_m3_black_16_mm_length_hex_head,0.0376,h,SCREW_SOCKET_CAP,M3,Hardware,BLAC,black,,,type_diagram.png,humor-kind-long-picnic-same-tiger-bargain-tortoise-relax-spatial-knife-alpha,S,parts/hardware_screw_socket_cap_m3_black_16_mm_length_hex_head,https://www.orbitalfasteners.co.uk/products/m3-x-16-socket-cap-screw-high-tensile-grade-12-9-self-colour,,H,16_MM_LENGTH,Hardware Screw Socket Cap M3 Black 16 mm Length Hex Head,16M,scre,16 mm Length,humorkind,16_,16_,M3,B,hardwa,False,HARDWA,https://www.harclob2b.com/m3-x-16-socket-cap-screw-gr12-9-self-colour-din-91-1150m390016,m,HEX_HE,Socket Cap,https://www.accu.co.uk/metric-cap-head-screws/16007-SSCF-M3-16-12-9,5050420695954,16,h,Hex Head,S,[hardware_screw_socket_cap_m3_black_16_mm_length_hex_head](https://github.com/oomlout/oomlout_oomp_part_src/tree/main/parts/hardware_screw_socket_cap_m3_black_16_mm_length_hex_head/working)<br>[sc3b16h](https://github.com/oomlout/oomlout_oomp_part_src/tree/main/parts/hardware_screw_socket_cap_m3_black_16_mm_length_hex_head/working)<br>[Hardware Screw Socket Cap M3 Black 16 Mm Length Hex Head](https://github.com/oomlout/oomlout_oomp_part_src/tree/main/parts/hardware_screw_socket_cap_m3_black_16_mm_length_hex_head/working)<br><br>,B,70F,70F77,HG,bl,SC,BLAC,Black 16 mm Length Hex Head,hexh,humor kind,SCR,black_16_mm_length_hex_head,black,M3 Black 16 mm Length Hex Head,sc3b16h,b,black,M3,M3,Screw Socket Cap,screws,M,BLACK,SC3B16H,H,16_mm_length_hex_head,Screw Socket Cap,SC,16,,hard,M3 x 16 Socket Cap Screw Gr12.9 Self Colour DIN 912 150,,M3,HAR,HEXHEA,HEX,HARD,humor kind long,m3,16mml,16,3,0.0167,B16,HEX,"[':squirrel:', ':six:', ':fireworks:']",HA,H,m,bla,SCREW_,Hardware,774,0.63,4eohg,BLACK,1,BLACK,m3,Screw Socket Cap M3 Black 16 mm Length Hex Head,s,h,H,sc,1,BLA,H,hardwa,head_type_diagram.png,"humor
kind
long
picnic
same
tiger
bargain
tortoise
relax
spatial
knife
alpha",humor-kind-long,M3,0.03,m,hardware_screw_socket_cap_m3_black_16_mm_length_hex_head,humor-kind,SCREW,0.0167,[],16MMLE,4800,SSCF-M3-16-12.9+-zinc,16_M,hardw,hexhe,,16_mm_,S,200,humor_kind_long,M3,0.0167,1,squirrel six fireworks,:squirrel: :six: :fireworks:,16 mm,4eo,B,HEXHE,m3,screw_socket_cap,0.0376,SCR,black,,HARD,hardw,scr,Hex Head,0.02,16_MM_,M3,HEX_,m3,H,16_m,M3,0.03,1150M390016,16mmle,1,ha,4EOHG,774,scre,M,16,1891040,b,m3,blac,16MML,m3,,hex_he,m3,HEXH,0.02,hex_head,BLACK,bla,humor<br>kind<br>long<br>picnic<br>same<br>tiger<br>bargain<br>tortoise<br>relax<br>spatial<br>knife<br>alpha,16,70f77425a8,h,humor kind long picnic same tiger bargain tortoise relax spatial knife alpha,70f774,hardware_screw_socket_cap_m3_black_16_mm_length_hex_head,16,0.0209,70f77425a8e5825787df7a43079ea378,M3,16MM,,200,16_mm
hardware_screw_socket_cap_m3_black_20_mm_length_hex_head,https://github.com/oomlout/oomlout_oomp_part_src/tree/main/parts/hardware_screw_socket_cap_m3_black_20_mm_length_hex_head,s,HARDW,h,,screw,M3,hex_,20mm,0.0415,february<br>explain<br>remove,hex,Black,[],hard,7318156890,,hex_h,februaryexplainremove,har,Black,s,HAR,he,"['hospital', 'bath', 'lips']",HARDW,HA,d88,HE,8G5,M3,B20,SCREW,sc,0.0415,,Hex Head,m3,hardware,february_explain_remove_witness_chair_domain_air_still_cook_market_drink_assault,20 mm Length Hex Head,"february
explain",,he,20 mm Length,BL,SCRE,february<br>explain,oomp_hardware_screw_socket_cap_m3_black_20_mm_length_hex_head,screw,d8862,SSCF-M3-20-12.9,bl,HARDWA,HE,20_MM,sc3b20h,5u,h,,scr,black,SCRE,D88622097D,20m,20_mm_length,3,20,,BLACK,BL,,M,D88622,0.023,m3,february_explain,2,hexhea,0.023,blac,Black 20 Mm Length Hex Head,[hardware_screw_socket_cap_m3_black_20_mm_length_hex_head](https://github.com/oomlout/oomlout_oomp_part_src/tree/main/parts/hardware_screw_socket_cap_m3_black_20_mm_length_hex_head/working)<br><br>,hex,SCREWS,HEX_HEAD,ha,februaryexplainremovewitnesschairdomainairstillcookmarketdrinkassault,Socket Cap M3X20 mm Black (Hex Head),,HARDWARE,HEX_H,"february
explain
remove",,0.0185,m3,BLA,SC3B20H,m3,m3_black_20_mm_length_hex_head,har,b,2,M3,,Black,orbital_fasteners,M3,screw_,screw_socket_cap_m3_black_20_mm_length_hex_head,0.0415,h,SCREW_SOCKET_CAP,M3,Hardware,BLAC,black,,,type_diagram.png,february-explain-remove-witness-chair-domain-air-still-cook-market-drink-assault,S,parts/hardware_screw_socket_cap_m3_black_20_mm_length_hex_head,https://www.orbitalfasteners.co.uk/products/m3-x-20-socket-cap-screw-high-tensile-grade-12-9-self-colour,,H,20_MM_LENGTH,Hardware Screw Socket Cap M3 Black 20 mm Length Hex Head,20M,scre,20 mm Length,februaryexplain,20_,20_,M3,B,hardwa,False,HARDWA,https://www.harclob2b.com/m3-x-20-socket-cap-screw-gr12-9-self-colour-din-91-1150m390020,m,HEX_HE,Socket Cap,https://www.accu.co.uk/metric-cap-head-screws/16008-SSC-M3-20-12-9,5050420695978,20,h,Hex Head,S,[hardware_screw_socket_cap_m3_black_20_mm_length_hex_head](https://github.com/oomlout/oomlout_oomp_part_src/tree/main/parts/hardware_screw_socket_cap_m3_black_20_mm_length_hex_head/working)<br>[sc3b20h](https://github.com/oomlout/oomlout_oomp_part_src/tree/main/parts/hardware_screw_socket_cap_m3_black_20_mm_length_hex_head/working)<br>[Hardware Screw Socket Cap M3 Black 20 Mm Length Hex Head](https://github.com/oomlout/oomlout_oomp_part_src/tree/main/parts/hardware_screw_socket_cap_m3_black_20_mm_length_hex_head/working)<br><br>,B,D88,D8862,5U,bl,SC,BLAC,Black 20 mm Length Hex Head,hexh,february explain,SCR,black_20_mm_length_hex_head,black,M3 Black 20 mm Length Hex Head,sc3b20h,b,black,M3,M3,Screw Socket Cap,screws,M,BLACK,SC3B20H,H,20_mm_length_hex_head,Screw Socket Cap,SC,20,,hard,M3 x 20 Socket Cap Screw Gr12.9 Self Colour DIN 912 150,,M3,HAR,HEXHEA,HEX,HARD,february explain remove,m3,20mml,20,3,0.0185,B20,HEX,"[':hospital:', ':bath:', ':lips:']",HA,H,m,bla,SCREW_,Hardware,622,0.67,8g55u,BLACK,2,BLACK,m3,Screw Socket Cap M3 Black 20 mm Length Hex Head,s,h,H,sc,2,BLA,H,hardwa,head_type_diagram.png,"february
explain
remove
witness
chair
domain
air
still
cook
market
drink
assault",february-explain-remove,M3,0.06,m,hardware_screw_socket_cap_m3_black_20_mm_length_hex_head,february-explain,SCREW,0.0185,[],20MMLE,4800,SSCF-M3-20-12.9+-zinc,20_M,hardw,hexhe,,20_mm_,S,200,february_explain_remove,M3,0.0185,2,hospital bath lips,:hospital: :bath: :lips:,20 mm,8g5,B,HEXHE,m3,screw_socket_cap,0.0415,SCR,black,,HARD,hardw,scr,Hex Head,0.04,20_MM_,M3,HEX_,m3,H,20_m,M3,0.06,1150M390020,20mmle,2,ha,8G55U,622,scre,M,20,1891050,b,m3,blac,20MML,m3,,hex_he,m3,HEXH,0.04,hex_head,BLACK,bla,february<br>explain<br>remove<br>witness<br>chair<br>domain<br>air<br>still<br>cook<br>market<br>drink<br>assault,20,d88622097d,h,february explain remove witness chair domain air still cook market drink assault,d88622,hardware_screw_socket_cap_m3_black_20_mm_length_hex_head,20,0.023,d88622097dd5c0ad0392efcb6bd422a2,M3,20MM,,200,20_mm
hardware_screw_socket_cap_m3_black_25_mm_length_hex_head,https://github.com/oomlout/oomlout_oomp_part_src/tree/main/parts/hardware_screw_socket_cap_m3_black_25_mm_length_hex_head,s,HARDW,h,,screw,M3,hex_,25mm,0.048,acid<br>sense<br>moment,hex,Black,[],hard,7318156890,,hex_h,acidsensemoment,har,Black,s,HAR,he,"['sheep', 'grapes', 'car']",HARDW,HA,42c,HE,2LT,M3,B25,SCREW,sc,0.048,,Hex Head,m3,hardware,acid_sense_moment_angry_basic_waste_embrace_sunset_orange_quiz_grass_aerobic,25 mm Length Hex Head,"acid
sense",,he,25 mm Length,BL,SCRE,acid<br>sense,oomp_hardware_screw_socket_cap_m3_black_25_mm_length_hex_head,screw,42cbe,SSCF-M3-25-12.9,bl,HARDWA,HE,25_MM,sc3b25h,rf,h,,scr,black,SCRE,42CBEBFCDE,25m,25_mm_length,3,25,,BLACK,BL,,M,42CBEB,0.0266,m3,acid_sense,2,hexhea,0.0266,blac,Black 25 Mm Length Hex Head,[hardware_screw_socket_cap_m3_black_25_mm_length_hex_head](https://github.com/oomlout/oomlout_oomp_part_src/tree/main/parts/hardware_screw_socket_cap_m3_black_25_mm_length_hex_head/working)<br><br>,hex,SCREWS,HEX_HEAD,ha,acidsensemomentangrybasicwasteembracesunsetorangequizgrassaerobic,Socket Cap M3X25 mm Black (Hex Head),,HARDWARE,HEX_H,"acid
sense
moment",,0.0214,m3,BLA,SC3B25H,m3,m3_black_25_mm_length_hex_head,har,b,2,M3,,Black,orbital_fasteners,M3,screw_,screw_socket_cap_m3_black_25_mm_length_hex_head,0.048,h,SCREW_SOCKET_CAP,M3,Hardware,BLAC,black,,,type_diagram.png,acid-sense-moment-angry-basic-waste-embrace-sunset-orange-quiz-grass-aerobic,S,parts/hardware_screw_socket_cap_m3_black_25_mm_length_hex_head,https://www.orbitalfasteners.co.uk/products/m3-x-25-socket-cap-screw-high-tensile-grade-12-9-self-colour-,,H,25_MM_LENGTH,Hardware Screw Socket Cap M3 Black 25 mm Length Hex Head,25M,scre,25 mm Length,acidsense,25_,25_,M3,B,hardwa,False,HARDWA,https://www.harclob2b.com/m3-x-25-socket-cap-screw-gr12-9-self-colour-din-91-1150m390025,m,HEX_HE,Socket Cap,https://www.accu.co.uk/metric-cap-head-screws/16009-SSC-M3-25-12-9,5050420695985,25,h,Hex Head,S,[hardware_screw_socket_cap_m3_black_25_mm_length_hex_head](https://github.com/oomlout/oomlout_oomp_part_src/tree/main/parts/hardware_screw_socket_cap_m3_black_25_mm_length_hex_head/working)<br>[sc3b25h](https://github.com/oomlout/oomlout_oomp_part_src/tree/main/parts/hardware_screw_socket_cap_m3_black_25_mm_length_hex_head/working)<br>[Hardware Screw Socket Cap M3 Black 25 Mm Length Hex Head](https://github.com/oomlout/oomlout_oomp_part_src/tree/main/parts/hardware_screw_socket_cap_m3_black_25_mm_length_hex_head/working)<br><br>,B,42C,42CBE,RF,bl,SC,BLAC,Black 25 mm Length Hex Head,hexh,acid sense,SCR,black_25_mm_length_hex_head,black,M3 Black 25 mm Length Hex Head,sc3b25h,b,black,M3,M3,Screw Socket Cap,screws,M,BLACK,SC3B25H,H,25_mm_length_hex_head,Screw Socket Cap,SC,25,,hard,M3 x 25 Socket Cap Screw Gr12.9 Self Colour DIN 912 150,,M3,HAR,HEXHEA,HEX,HARD,acid sense moment,m3,25mml,25,3,0.0214,B25,HEX,"[':sheep:', ':grapes:', ':car:']",HA,H,m,bla,SCREW_,Hardware,beb,0.67,2ltrf,BLACK,2,BLACK,m3,Screw Socket Cap M3 Black 25 mm Length Hex Head,s,h,H,sc,2,BLA,H,hardwa,head_type_diagram.png,"acid
sense
moment
angry
basic
waste
embrace
sunset
orange
quiz
grass
aerobic",acid-sense-moment,M3,0.06,m,hardware_screw_socket_cap_m3_black_25_mm_length_hex_head,acid-sense,SCREW,0.0214,[],25MMLE,4800,SSCF-M3-25-12.9+-zinc,25_M,hardw,hexhe,,25_mm_,S,200,acid_sense_moment,M3,0.0214,2,sheep grapes car,:sheep: :grapes: :car:,25 mm,2lt,B,HEXHE,m3,screw_socket_cap,0.048,SCR,black,,HARD,hardw,scr,Hex Head,0.04,25_MM_,M3,HEX_,m3,H,25_m,M3,0.06,1150M390025,25mmle,2,ha,2LTRF,BEB,scre,M,25,1891052,b,m3,blac,25MML,m3,,hex_he,m3,HEXH,0.04,hex_head,BLACK,bla,acid<br>sense<br>moment<br>angry<br>basic<br>waste<br>embrace<br>sunset<br>orange<br>quiz<br>grass<br>aerobic,25,42cbebfcde,h,acid sense moment angry basic waste embrace sunset orange quiz grass aerobic,42cbeb,hardware_screw_socket_cap_m3_black_25_mm_length_hex_head,25,0.0266,42cbebfcded98913de89808f1df0f00f,M3,25MM,,200,25_mm
hardware_screw_socket_cap_m3_black_30_mm_length_hex_head,https://github.com/oomlout/oomlout_oomp_part_src/tree/main/parts/hardware_screw_socket_cap_m3_black_30_mm_length_hex_head,s,HARDW,h,,screw,M3,hex_,30mm,0.0557,want<br>consider<br>size,hex,Black,[],hard,7318156890,,hex_h,wantconsidersize,har,Black,s,HAR,he,"['snowflake', 'chestnut', 'baseball']",HARDW,HA,2c6,HE,1QE,M3,B30,SCREW,sc,0.0557,,Hex Head,m3,hardware,want_consider_size_exile_praise_room_time_coffee_black_frame_cupboard_actress,30 mm Length Hex Head,"want
consider",,he,30 mm Length,BL,SCRE,want<br>consider,oomp_hardware_screw_socket_cap_m3_black_30_mm_length_hex_head,screw,2c6b9,SSCF-M3-30-12.9,bl,HARDWA,HE,30_MM,sc3b30h,8n,h,,scr,black,SCRE,2C6B9720B7,30m,30_mm_length,3,30,,BLACK,BL,,M,2C6B97,0.031,m3,want_consider,3,hexhea,0.031,blac,Black 30 Mm Length Hex Head,[hardware_screw_socket_cap_m3_black_30_mm_length_hex_head](https://github.com/oomlout/oomlout_oomp_part_src/tree/main/parts/hardware_screw_socket_cap_m3_black_30_mm_length_hex_head/working)<br><br>,hex,SCREWS,HEX_HEAD,ha,wantconsidersizeexilepraiseroomtimecoffeeblackframecupboardactress,Socket Cap M3X30 mm Black (Hex Head),,HARDWARE,HEX_H,"want
consider
size",,0.0247,m3,BLA,SC3B30H,m3,m3_black_30_mm_length_hex_head,har,b,3,M3,,Black,orbital_fasteners,M3,screw_,screw_socket_cap_m3_black_30_mm_length_hex_head,0.0557,h,SCREW_SOCKET_CAP,M3,Hardware,BLAC,black,,,type_diagram.png,want-consider-size-exile-praise-room-time-coffee-black-frame-cupboard-actress,S,parts/hardware_screw_socket_cap_m3_black_30_mm_length_hex_head,https://www.orbitalfasteners.co.uk/products/m3-x-30-socket-cap-screw-high-tensile-grade-12-9-self-colour,,H,30_MM_LENGTH,Hardware Screw Socket Cap M3 Black 30 mm Length Hex Head,30M,scre,30 mm Length,wantconsider,30_,30_,M3,B,hardwa,False,HARDWA,https://www.harclob2b.com/m3-x-30-socket-cap-screw-gr12-9-self-colour-din-91-1150m390030,m,HEX_HE,Socket Cap,https://www.accu.co.uk/metric-cap-head-screws/16010-SSC-M3-30-12-9,5050420695992,30,h,Hex Head,S,[hardware_screw_socket_cap_m3_black_30_mm_length_hex_head](https://github.com/oomlout/oomlout_oomp_part_src/tree/main/parts/hardware_screw_socket_cap_m3_black_30_mm_length_hex_head/working)<br>[sc3b30h](https://github.com/oomlout/oomlout_oomp_part_src/tree/main/parts/hardware_screw_socket_cap_m3_black_30_mm_length_hex_head/working)<br>[Hardware Screw Socket Cap M3 Black 30 Mm Length Hex Head](https://github.com/oomlout/oomlout_oomp_part_src/tree/main/parts/hardware_screw_socket_cap_m3_black_30_mm_length_hex_head/working)<br><br>,B,2C6,2C6B9,8N,bl,SC,BLAC,Black 30 mm Length Hex Head,hexh,want consider,SCR,black_30_mm_length_hex_head,black,M3 Black 30 mm Length Hex Head,sc3b30h,b,black,M3,M3,Screw Socket Cap,screws,M,BLACK,SC3B30H,H,30_mm_length_hex_head,Screw Socket Cap,SC,30,,hard,M3 x 30 Socket Cap Screw Gr12.9 Self Colour DIN 912 150,,M3,HAR,HEXHEA,HEX,HARD,want consider size,m3,30mml,30,3,0.0247,B30,HEX,"[':snowflake:', ':chestnut:', ':baseball:']",HA,H,m,bla,SCREW_,Hardware,b97,0.69,1qe8n,BLACK,3,BLACK,m3,Screw Socket Cap M3 Black 30 mm Length Hex Head,s,h,H,sc,3,BLA,H,hardwa,head_type_diagram.png,"want
consider
size
exile
praise
room
time
coffee
black
frame
cupboard
actress",want-consider-size,M3,0.07,m,hardware_screw_socket_cap_m3_black_30_mm_length_hex_head,want-consider,SCREW,0.0247,[],30MMLE,4800,SSCF-M3-30-12.9+-zinc,30_M,hardw,hexhe,,30_mm_,S,200,want_consider_size,M3,0.0247,3,snowflake chestnut baseball,:snowflake: :chestnut: :baseball:,30 mm,1qe,B,HEXHE,m3,screw_socket_cap,0.0557,SCR,black,,HARD,hardw,scr,Hex Head,0.05,30_MM_,M3,HEX_,m3,H,30_m,M3,0.07,1150M390030,30mmle,3,ha,1QE8N,B97,scre,M,30,1891054,b,m3,blac,30MML,m3,,hex_he,m3,HEXH,0.05,hex_head,BLACK,bla,want<br>consider<br>size<br>exile<br>praise<br>room<br>time<br>coffee<br>black<br>frame<br>cupboard<br>actress,30,2c6b9720b7,h,want consider size exile praise room time coffee black frame cupboard actress,2c6b97,hardware_screw_socket_cap_m3_black_30_mm_length_hex_head,30,0.031,2c6b9720b72d3c4aefd4c4fb93cbd7b7,M3,30MM,,200,30_mm
hardware_screw_socket_cap_m3_black_35_mm_length_hex_head,https://github.com/oomlout/oomlout_oomp_part_src/tree/main/parts/hardware_screw_socket_cap_m3_black_35_mm_length_hex_head,s,HARDW,h,,screw,M3,hex_,35mm,0.0605,best<br>where<br>pull,hex,Black,[],hard,7318156890,,hex_h,bestwherepull,har,Black,s,HAR,he,"['droplet', 'trumpet', 'clap']",HARDW,HA,24a,HE,1FH,M3,B35,SCREW,sc,0.0605,,Hex Head,m3,hardware,best_where_pull_law_broken_comic_use_appear_suggest_hawk_fantasy_across,35 mm Length Hex Head,"best
where",,he,35 mm Length,BL,SCRE,best<br>where,oomp_hardware_screw_socket_cap_m3_black_35_mm_length_hex_head,screw,24a61,SSCF-M3-35-12.9,bl,HARDWA,HE,35_MM,sc3b35h,96,h,,scr,black,SCRE,24A61A76C7,35m,35_mm_length,3,35,,BLACK,BL,,M,24A61A,0.0336,m3,best_where,3,hexhea,0.0336,blac,Black 35 Mm Length Hex Head,[hardware_screw_socket_cap_m3_black_35_mm_length_hex_head](https://github.com/oomlout/oomlout_oomp_part_src/tree/main/parts/hardware_screw_socket_cap_m3_black_35_mm_length_hex_head/working)<br><br>,hex,SCREWS,HEX_HEAD,ha,bestwherepulllawbrokencomicuseappearsuggesthawkfantasyacross,Socket Cap M3X35 mm Black (Hex Head),,HARDWARE,HEX_H,"best
where
pull",,0.0302,m3,BLA,SC3B35H,m3,m3_black_35_mm_length_hex_head,har,b,3,M3,,Black,orbital_fasteners,M3,screw_,screw_socket_cap_m3_black_35_mm_length_hex_head,0.0605,h,SCREW_SOCKET_CAP,M3,Hardware,BLAC,black,,,type_diagram.png,best-where-pull-law-broken-comic-use-appear-suggest-hawk-fantasy-across,S,parts/hardware_screw_socket_cap_m3_black_35_mm_length_hex_head,https://www.orbitalfasteners.co.uk/products/m3-x-35-socket-cap-screw-high-tensile-grade-12-9-self-colour,,H,35_MM_LENGTH,Hardware Screw Socket Cap M3 Black 35 mm Length Hex Head,35M,scre,35 mm Length,bestwhere,35_,35_,M3,B,hardwa,False,HARDWA,https://www.harclob2b.com/m3-x-35-socket-cap-screw-gr12-9-self-colour-din-91-1150m390035,m,HEX_HE,Socket Cap,https://www.accu.co.uk/metric-cap-head-screws/386626-SSC-M3-35-12-9,5050420696005,35,h,Hex Head,S,[hardware_screw_socket_cap_m3_black_35_mm_length_hex_head](https://github.com/oomlout/oomlout_oomp_part_src/tree/main/parts/hardware_screw_socket_cap_m3_black_35_mm_length_hex_head/working)<br>[sc3b35h](https://github.com/oomlout/oomlout_oomp_part_src/tree/main/parts/hardware_screw_socket_cap_m3_black_35_mm_length_hex_head/working)<br>[Hardware Screw Socket Cap M3 Black 35 Mm Length Hex Head](https://github.com/oomlout/oomlout_oomp_part_src/tree/main/parts/hardware_screw_socket_cap_m3_black_35_mm_length_hex_head/working)<br><br>,B,24A,24A61,96,bl,SC,BLAC,Black 35 mm Length Hex Head,hexh,best where,SCR,black_35_mm_length_hex_head,black,M3 Black 35 mm Length Hex Head,sc3b35h,b,black,M3,M3,Screw Socket Cap,screws,M,BLACK,SC3B35H,H,35_mm_length_hex_head,Screw Socket Cap,SC,35,,hard,M3 x 35 Socket Cap Screw Gr12.9 Self Colour DIN 912 150,,M3,HAR,HEXHEA,HEX,HARD,best where pull,m3,35mml,35,3,0.0302,B35,HEX,"[':droplet:', ':trumpet:', ':clap:']",HA,H,m,bla,SCREW_,Hardware,61a,0.70,1fh96,BLACK,3,BLACK,m3,Screw Socket Cap M3 Black 35 mm Length Hex Head,s,h,H,sc,3,BLA,H,hardwa,head_type_diagram.png,"best
where
pull
law
broken
comic
use
appear
suggest
hawk
fantasy
across",best-where-pull,M3,0.08,m,hardware_screw_socket_cap_m3_black_35_mm_length_hex_head,best-where,SCREW,0.0302,[],35MMLE,3000,SSCF-M3-35-12.9+-zinc,35_M,hardw,hexhe,,35_mm_,S,200,best_where_pull,M3,0.0302,3,droplet trumpet clap,:droplet: :trumpet: :clap:,35 mm,1fh,B,HEXHE,m3,screw_socket_cap,0.0605,SCR,black,,HARD,hardw,scr,Hex Head,0.06,35_MM_,M3,HEX_,m3,H,35_m,M3,0.08,1150M390035,35mmle,3,ha,1FH96,61A,scre,M,35,1891056,b,m3,blac,35MML,m3,,hex_he,m3,HEXH,0.06,hex_head,BLACK,bla,best<br>where<br>pull<br>law<br>broken<br>comic<br>use<br>appear<br>suggest<br>hawk<br>fantasy<br>across,35,24a61a76c7,h,best where pull law broken comic use appear suggest hawk fantasy across,24a61a,hardware_screw_socket_cap_m3_black_35_mm_length_hex_head,35,0.0336,24a61a76c70a9df4b90e47df5abe90aa,M3,35MM,,200,35_mm
hardware_screw_socket_cap_m3_black_6_mm_length_hex_head,https://github.com/oomlout/oomlout_oomp_part_src/tree/main/parts/hardware_screw_socket_cap_m3_black_6_mm_length_hex_head,s,HARDW,h,,screw,M3,hex_,6mml,0.0324,orphan<br>parrot<br>nasty,hex,Black,[],hard,7318156890,,hex_h,orphanparrotnasty,har,Black,s,HAR,he,"['snowflake', 'car', 'turtle']",HARDW,HA,2ce,HE,1R3,M3,B6,SCREW,sc,0.0324,,Hex Head,m3,hardware,orphan_parrot_nasty_anger_trouble_sword_bullet_popular_picnic_correct_interest_actress,6 mm Length Hex Head,"orphan
parrot",,he,6 mm Length,BL,SCRE,orphan<br>parrot,oomp_hardware_screw_socket_cap_m3_black_6_mm_length_hex_head,screw,2ceb4,SSCF-M3-6-12.9,bl,HARDWA,HE,6_MM_,sc3b6h,gs,h,,scr,black,SCRE,2CEB4C2521,6mm,6_mm_length,3,6_,,BLACK,BL,,M,2CEB4C,0.018,m3,orphan_parrot,6,hexhea,0.018,blac,Black 6 Mm Length Hex Head,[hardware_screw_socket_cap_m3_black_6_mm_length_hex_head](https://github.com/oomlout/oomlout_oomp_part_src/tree/main/parts/hardware_screw_socket_cap_m3_black_6_mm_length_hex_head/working)<br><br>,hex,SCREWS,HEX_HEAD,ha,orphanparrotnastyangertroubleswordbulletpopularpicniccorrectinterestactress,Socket Cap M3X6 mm Black (Hex Head),,HARDWARE,HEX_H,"orphan
parrot
nasty",,0.0144,m3,BLA,SC3B6H,m3,m3_black_6_mm_length_hex_head,har,b,6,M3,,Black,orbital_fasteners,M3,screw_,screw_socket_cap_m3_black_6_mm_length_hex_head,0.0324,h,SCREW_SOCKET_CAP,M3,Hardware,BLAC,black,,,type_diagram.png,orphan-parrot-nasty-anger-trouble-sword-bullet-popular-picnic-correct-interest-actress,S,parts/hardware_screw_socket_cap_m3_black_6_mm_length_hex_head,https://www.orbitalfasteners.co.uk/products/m3-x-6-socket-cap-screw-high-tensile-grade-12-9-self-colour,,H,6_MM_LENGTH,Hardware Screw Socket Cap M3 Black 6 mm Length Hex Head,6MM,scre,6 mm Length,orphanparrot,6_m,6_M,M3,B,hardwa,False,HARDWA,https://www.harclob2b.com/m3-x-6-socket-cap-screw-gr12-9-self-colour-din-912-1150m390006,m,HEX_HE,Socket Cap,https://www.accu.co.uk/metric-cap-head-screws/16002-SSCF-M3-6-12-9,5050420695916,6,h,Hex Head,S,[hardware_screw_socket_cap_m3_black_6_mm_length_hex_head](https://github.com/oomlout/oomlout_oomp_part_src/tree/main/parts/hardware_screw_socket_cap_m3_black_6_mm_length_hex_head/working)<br>[sc3b6h](https://github.com/oomlout/oomlout_oomp_part_src/tree/main/parts/hardware_screw_socket_cap_m3_black_6_mm_length_hex_head/working)<br>[Hardware Screw Socket Cap M3 Black 6 Mm Length Hex Head](https://github.com/oomlout/oomlout_oomp_part_src/tree/main/parts/hardware_screw_socket_cap_m3_black_6_mm_length_hex_head/working)<br><br>,B,2CE,2CEB4,GS,bl,SC,BLAC,Black 6 mm Length Hex Head,hexh,orphan parrot,SCR,black_6_mm_length_hex_head,black,M3 Black 6 mm Length Hex Head,sc3b6h,b,black,M3,M3,Screw Socket Cap,screws,M,BLACK,SC3B6H,H,6_mm_length_hex_head,Screw Socket Cap,SC,6,,hard,M3 x 6 Socket Cap Screw Gr12.9 Self Colour DIN 912 150,,M3,HAR,HEXHEA,HEX,HARD,orphan parrot nasty,m3,6mmle,6,3,0.0144,B6,HEX,"[':snowflake:', ':car:', ':turtle:']",HA,H,m,bla,SCREW_,Hardware,b4c,0.62,1r3gs,BLACK,6,BLACK,m3,Screw Socket Cap M3 Black 6 mm Length Hex Head,s,h,H,sc,6,BLA,H,hardwa,head_type_diagram.png,"orphan
parrot
nasty
anger
trouble
sword
bullet
popular
picnic
correct
interest
actress",orphan-parrot-nasty,M3,0.02,m,hardware_screw_socket_cap_m3_black_6_mm_length_hex_head,orphan-parrot,SCREW,0.0144,[],6MMLEN,4800,SSCF-M3-6-12.9+-zinc,6_MM,hardw,hexhe,,6_mm_l,S,200,orphan_parrot_nasty,M3,0.0144,6,snowflake car turtle,:snowflake: :car: :turtle:,6 mm,1r3,B,HEXHE,m3,screw_socket_cap,0.0324,SCR,black,,HARD,hardw,scr,Hex Head,0.02,6_MM_L,M3,HEX_,m3,H,6_mm,M3,0.02,1150M390006,6mmlen,6,ha,1R3GS,B4C,scre,M,6M,1891000,b,m3,blac,6MMLE,m3,,hex_he,m3,HEXH,0.01,hex_head,BLACK,bla,orphan<br>parrot<br>nasty<br>anger<br>trouble<br>sword<br>bullet<br>popular<br>picnic<br>correct<br>interest<br>actress,6m,2ceb4c2521,h,orphan parrot nasty anger trouble sword bullet popular picnic correct interest actress,2ceb4c,hardware_screw_socket_cap_m3_black_6_mm_length_hex_head,6_,0.018,2ceb4c2521a823c77174808b26681ce6,M3,6MML,,200,6_mm_
hardware_screw_socket_cap_m3_black_8_mm_length_hex_head,https://github.com/oomlout/oomlout_oomp_part_src/tree/main/parts/hardware_screw_socket_cap_m3_black_8_mm_length_hex_head,s,HARDW,h,,screw,M3,hex_,8mml,0.0337,sniff<br>tennis<br>win,hex,Black,[],hard,7318156890,,hex_h,snifftenniswin,har,Black,s,HAR,he,"['bulb', 'cyclone', 'snake']",HARDW,HA,852,HE,572,M3,B8,SCREW,sc,0.0337,,Hex Head,m3,hardware,sniff_tennis_win_maximum_alien_attack_dignity_employ_toss_blind_nut_analyst,8 mm Length Hex Head,"sniff
tennis",,he,8 mm Length,BL,SCRE,sniff<br>tennis,oomp_hardware_screw_socket_cap_m3_black_8_mm_length_hex_head,screw,852f4,SSCF-M3-8-12.9,bl,HARDWA,HE,8_MM_,sc3b8h,v9,h,,scr,black,SCRE,852F45F72D,8mm,8_mm_length,3,8_,,BLACK,BL,,M,852F45,0.0187,m3,sniff_tennis,8,hexhea,0.0187,blac,Black 8 Mm Length Hex Head,[hardware_screw_socket_cap_m3_black_8_mm_length_hex_head](https://github.com/oomlout/oomlout_oomp_part_src/tree/main/parts/hardware_screw_socket_cap_m3_black_8_mm_length_hex_head/working)<br><br>,hex,SCREWS,HEX_HEAD,ha,snifftenniswinmaximumalienattackdignityemploytossblindnutanalyst,Socket Cap M3X8 mm Black (Hex Head),,HARDWARE,HEX_H,"sniff
tennis
win",,0.015,m3,BLA,SC3B8H,m3,m3_black_8_mm_length_hex_head,har,b,8,M3,,Black,orbital_fasteners,M3,screw_,screw_socket_cap_m3_black_8_mm_length_hex_head,0.0337,h,SCREW_SOCKET_CAP,M3,Hardware,BLAC,black,,,type_diagram.png,sniff-tennis-win-maximum-alien-attack-dignity-employ-toss-blind-nut-analyst,S,parts/hardware_screw_socket_cap_m3_black_8_mm_length_hex_head,https://www.orbitalfasteners.co.uk/products/m3-x-8-socket-cap-screw-high-tensile-grade-12-9-self-colour,,H,8_MM_LENGTH,Hardware Screw Socket Cap M3 Black 8 mm Length Hex Head,8MM,scre,8 mm Length,snifftennis,8_m,8_M,M3,B,hardwa,False,HARDWA,https://www.harclob2b.com/m3-x-8-socket-cap-screw-gr12-9-self-colour-din-912-1150m390008,m,HEX_HE,Socket Cap,https://www.accu.co.uk/metric-cap-head-screws/16003-SSCF-M3-8-12-9,5050420695923,8,h,Hex Head,S,[hardware_screw_socket_cap_m3_black_8_mm_length_hex_head](https://github.com/oomlout/oomlout_oomp_part_src/tree/main/parts/hardware_screw_socket_cap_m3_black_8_mm_length_hex_head/working)<br>[sc3b8h](https://github.com/oomlout/oomlout_oomp_part_src/tree/main/parts/hardware_screw_socket_cap_m3_black_8_mm_length_hex_head/working)<br>[Hardware Screw Socket Cap M3 Black 8 Mm Length Hex Head](https://github.com/oomlout/oomlout_oomp_part_src/tree/main/parts/hardware_screw_socket_cap_m3_black_8_mm_length_hex_head/working)<br><br>,B,852,852F4,V9,bl,SC,BLAC,Black 8 mm Length Hex Head,hexh,sniff tennis,SCR,black_8_mm_length_hex_head,black,M3 Black 8 mm Length Hex Head,sc3b8h,b,black,M3,M3,Screw Socket Cap,screws,M,BLACK,SC3B8H,H,8_mm_length_hex_head,Screw Socket Cap,SC,8,,hard,M3 x 8 Socket Cap Screw Gr12.9 Self Colour DIN 912 150,,M3,HAR,HEXHEA,HEX,HARD,sniff tennis win,m3,8mmle,8,3,0.015,B8,HEX,"[':bulb:', ':cyclone:', ':snake:']",HA,H,m,bla,SCREW_,Hardware,f45,0.62,572v9,BLACK,8,BLACK,m3,Screw Socket Cap M3 Black 8 mm Length Hex Head,s,h,H,sc,8,BLA,H,hardwa,head_type_diagram.png,"sniff
tennis
win
maximum
alien
attack
dignity
employ
toss
blind
nut
analyst",sniff-tennis-win,M3,0.02,m,hardware_screw_socket_cap_m3_black_8_mm_length_hex_head,sniff-tennis,SCREW,0.015,[],8MMLEN,4800,SSCF-M3-8-12.9+-zinc,8_MM,hardw,hexhe,,8_mm_l,S,200,sniff_tennis_win,M3,0.015,8,bulb cyclone snake,:bulb: :cyclone: :snake:,8 mm,572,B,HEXHE,m3,screw_socket_cap,0.0337,SCR,black,,HARD,hardw,scr,Hex Head,0.02,8_MM_L,M3,HEX_,m3,H,8_mm,M3,0.02,1150M390008,8mmlen,8,ha,572V9,F45,scre,M,8M,1891010,b,m3,blac,8MMLE,m3,,hex_he,m3,HEXH,0.02,hex_head,BLACK,bla,sniff<br>tennis<br>win<br>maximum<br>alien<br>attack<br>dignity<br>employ<br>toss<br>blind<br>nut<br>analyst,8m,852f45f72d,h,sniff tennis win maximum alien attack dignity employ toss blind nut analyst,852f45,hardware_screw_socket_cap_m3_black_8_mm_length_hex_head,8_,0.0187,852f45f72d48e7c039832897f6b7ce6b,M3,8MML,,200,8_mm_
hardware_washer_m3,https://github.com/oomlout/oomlout_oomp_part_src/tree/main/parts/hardware_washer_m3,w,HARDW,,,washe,M3,,,0.0036,strategy<br>payment<br>burst,,,[],hard,7318220098,,,strategypaymentburst,har,,w,HAR,,"['dolls', 'koala', 'beer']",HARDW,HA,,,,M3, ,WASHE,wa,0.0036,,,m3,hardware,strategy_payment_burst_blade_strike_couple_snap_antenna_shrug_swallow_bubble_already,M3,"strategy
payment",,,,,WASH,strategy<br>payment,oomp_hardware_washer_m3,washe,723ab,,,HARDWA,,,,,h,,was,,WASH,723AB6C63A,,,3,,,,,,M,723AB6,0.0036,m3,strategy_payment,,,0.0036,,M3,[hardware_washer_m3](https://github.com/oomlout/oomlout_oomp_part_src/tree/main/parts/hardware_washer_m3/working)<br><br>,,WASHER,,ha,strategypaymentburstbladestrikecouplesnapantennashrugswallowbubblealready,,,HARDWARE,,"strategy
payment
burst",,0.0023,m3,,W3,m3,m3,har,,,M3,,,orbital_fasteners,M3,washer,washer_m3,0.0036,h,WASHER,M3,Hardware,,,,,,strategy-payment-burst-blade-strike-couple-snap-antenna-shrug-swallow-bubble-already,W,parts/hardware_washer_m3,https://www.orbitalfasteners.co.uk/products/m3-mild-steel-form-a-flat-washer-bright-zinc-plated-din-125-1a-3-2x7x05mm-,,H,,Hardware Washer M3,,wash,,strategypayment,,,M3,,hardwa,False,HARDWA,https://www.harclob2b.com/3mm-bright-plain-washer-form-a-self-colour-din-125-0412t39,m,,,,5050420675253, ,h,,W,[hardware_washer_m3](https://github.com/oomlout/oomlout_oomp_part_src/tree/main/parts/hardware_washer_m3/working)<br>[w3](https://github.com/oomlout/oomlout_oomp_part_src/tree/main/parts/hardware_washer_m3/working)<br>[Hardware Washer M3](https://github.com/oomlout/oomlout_oomp_part_src/tree/main/parts/hardware_washer_m3/working)<br><br>,,,723AB,,,WA,,M3,,strategy payment,WAS,m3,,M3,w3,,,,M3,Washer,washer,M,,,,m3,Washer,WA,,,hard,3mm Bright Plain Washer Form A Self Colour DIN 125A,,M3,HAR,,,HARD,strategy payment burst,m3,,,3,0.0018, ,,"[':dolls:', ':koala:', ':beer:']",HA,H,m,,WASHER,Hardware,,,4ggc6,,,,m3,Washer M3,w,,,wa,,,H,hardwa,,"strategy
payment
burst
blade
strike
couple
snap
antenna
shrug
swallow
bubble
already",strategy-payment-burst,M3,,m,hardware_washer_m3,strategy-payment,WASHE,0.0018,[],,36000,,,hardw,,,,W,1000,strategy_payment_burst,M3,0.0023,,dolls koala beer,:dolls: :koala: :beer:,,,,,m3,washer,0.0036,WAS,,,HARD,hardw,was,,,,M3,,m3,,,M3,,0412T39,,,ha,4GGC6,,wash,M,,1711000,,m3,,,m3,,,m3,,,,,,strategy<br>payment<br>burst<br>blade<br>strike<br>couple<br>snap<br>antenna<br>shrug<br>swallow<br>bubble<br>already,,723ab6c63a,,strategy payment burst blade strike couple snap antenna shrug swallow bubble already,723ab6,hardware_washer_m3,,0.0023,723ab6c63a09d9a8c4eb81703da86eb6,M3,,,1000,
